canonical_smiles,molecule_chembl_id,standard_type,standard_units,standard_value,target_chembl_id,target_organism,target_pref_name,type,units,value
NC(=O)c1ncn([C@@H]2C=C(CO)[C@@H](O)[C@H]2O)n1,CHEMBL204499,IC50,nM,100000.0,CHEMBL612575,SARS coronavirus,SARS coronavirus,IC50,uM,100.0
NC(=O)c1cn([C@@H]2C=C(CO)[C@@H](O)[C@H]2O)nn1,CHEMBL203308,IC50,nM,100000.0,CHEMBL612575,SARS coronavirus,SARS coronavirus,IC50,uM,100.0
NC(=O)c1cn([C@@H]2C=C(CO)[C@@H](O)[C@H]2O)cn1,CHEMBL381539,IC50,nM,100000.0,CHEMBL612575,SARS coronavirus,SARS coronavirus,IC50,uM,100.0
Nc1nc(O)c2[nH]cc([C@@H]3C=C(CO)[C@@H](O)[C@H]3O)c2n1,CHEMBL225045,IC50,nM,100000.0,CHEMBL612575,SARS coronavirus,SARS coronavirus,IC50,uM,100.0
O=c1[nH]cc([C@@H]2C=C(CO)[C@@H](O)[C@H]2O)c(=O)[nH]1,CHEMBL224363,IC50,nM,100000.0,CHEMBL612575,SARS coronavirus,SARS coronavirus,IC50,uM,100.0
Nc1nc(=O)c([C@@H]2C=C(CO)[C@@H](O)[C@H]2O)c[nH]1,CHEMBL225046,IC50,nM,100000.0,CHEMBL612575,SARS coronavirus,SARS coronavirus,IC50,uM,100.0
OC[C@H]1O[C@@H](n2cnc3c(Cl)ncnc32)[C@H](O)[C@@H]1O,CHEMBL397974,IC50,nM,48700.0,CHEMBL612575,SARS coronavirus,SARS coronavirus,IC50,uM,48.7
NC(=O)c1ncn([C@@H]2O[C@H](CO)[C@@H](O)[C@H]2O)c1O,CHEMBL245019,IC50,nM,13500.0,CHEMBL612575,SARS coronavirus,SARS coronavirus,IC50,uM,13.5
NC(=O)c1ncn([C@@H]2O[C@H](CO)[C@@H](O)[C@H]2O)n1,CHEMBL1643,IC50,nM,82000.0,CHEMBL612575,SARS coronavirus,SARS coronavirus,IC50,uM,82.0
OCC1C(COCc2ccccc2)CC1n1cnc2c(Cl)ncnc21,CHEMBL243757,IC50,nM,14500.0,CHEMBL612575,SARS coronavirus,SARS coronavirus,IC50,uM,14.5
OCC1CC(n2cnc3c(Cl)ncnc32)C1CO,CHEMBL388704,IC50,nM,300000.0,CHEMBL612575,SARS coronavirus,SARS coronavirus,IC50,uM,300.0
OCC(CCn1cnc2c(Cl)ncnc21)COCc1ccccc1,CHEMBL244381,IC50,nM,300000.0,CHEMBL612575,SARS coronavirus,SARS coronavirus,IC50,uM,300.0
OCC(CO)CCn1cnc2c(Cl)ncnc21,CHEMBL388932,IC50,nM,300000.0,CHEMBL612575,SARS coronavirus,SARS coronavirus,IC50,uM,300.0
OC[C@@H]1C[C@@H](O)[C@H](n2cnc3c(Cl)ncnc32)O1,CHEMBL244380,IC50,nM,300000.0,CHEMBL612575,SARS coronavirus,SARS coronavirus,IC50,uM,300.0
OC[C@H]1O[C@@H](n2cnc3c(Cl)ncnc32)C[C@@H]1O,CHEMBL244379,IC50,nM,300000.0,CHEMBL612575,SARS coronavirus,SARS coronavirus,IC50,uM,300.0
Nc1nc(Cl)c2ncn([C@@H]3O[C@H](CO)[C@@H](O)[C@H]3O)c2n1,CHEMBL244169,IC50,nM,300000.0,CHEMBL612575,SARS coronavirus,SARS coronavirus,IC50,uM,300.0
CSc1ncnc2c1ncn2[C@@H]1O[C@H](CO)[C@@H](O)[C@H]1O,CHEMBL388931,IC50,nM,300000.0,CHEMBL612575,SARS coronavirus,SARS coronavirus,IC50,uM,300.0
COc1ncnc2c1ncn2[C@@H]1O[C@H](CO)[C@@H](O)[C@H]1O,CHEMBL244168,IC50,nM,300000.0,CHEMBL612575,SARS coronavirus,SARS coronavirus,IC50,uM,300.0
O[C@@H]1[C@@H](COCc2ccccc2)O[C@@H](n2cnc3c(Cl)ncnc32)[C@@H]1O,CHEMBL245013,IC50,nM,108000.0,CHEMBL612575,SARS coronavirus,SARS coronavirus,IC50,uM,108.0
CCOC(=O)/C=C/[C@H](C[C@@H]1CCNC1=O)NC(=O)[C@H](Cc1ccccc1)NC(=O)[C@@H](NC(=O)[C@H](CO)NC(=O)OC(C)(C)C)C(C)C,CHEMBL235873,IC50,nM,100000.0,CHEMBL612575,SARS coronavirus,SARS coronavirus,IC50,uM,100.0
CCOC(=O)/C=C/[C@H](C[C@@H]1CCNC1=O)NC(=O)[C@H](CC(C)C)NC(=O)[C@@H](NC(=O)[C@H](CO)NC(=O)OC(C)(C)C)C(C)C,CHEMBL397154,IC50,nM,100000.0,CHEMBL612575,SARS coronavirus,SARS coronavirus,IC50,uM,100.0
CCOC(=O)/C=C/[C@H](C[C@@H]1CCNC1=O)NC(=O)[C@H](CC=C(C)C)CC(=O)[C@@H](NC(=O)[C@H](CO)NC(=O)OC(C)(C)C)C(C)C,CHEMBL238217,IC50,nM,75000.0,CHEMBL612575,SARS coronavirus,SARS coronavirus,IC50,uM,75.0
CCOC(=O)/C=C/[C@H](C[C@@H]1CCNC1=O)NC(=O)[C@H](CC=C(C)C)CC(=O)[C@@H](NC(=O)c1cc(C)on1)C(C)C,CHEMBL196635,IC50,nM,70000.0,CHEMBL612575,SARS coronavirus,SARS coronavirus,IC50,uM,70.0
CCOC(=O)/C=C/[C@H](C[C@@H]1CCNC1=O)NC(=O)[C@@H](CC(=O)[C@@H](NC(=O)c1cc(C)on1)C(C)C)Cc1ccccc1,CHEMBL194398,IC50,nM,45000.0,CHEMBL612575,SARS coronavirus,SARS coronavirus,IC50,uM,45.0
CC(=O)N1Cc2ccccc2C[C@H]1C(=O)Oc1cncc(Cl)c1,CHEMBL490210,IC50,nM,140.0,CHEMBL612575,SARS coronavirus,SARS coronavirus,IC50,uM,0.14
CC(C)(C)OC(=O)N[C@@H]1C(=O)N2[C@@H](C(=O)Oc3cncc(Cl)c3)C(C)(C)S[C@H]12,CHEMBL490209,IC50,nM,100000.0,CHEMBL612575,SARS coronavirus,SARS coronavirus,IC50,uM,100.0
O=C(Oc1cncc(Cl)c1)c1cccc2cc[nH]c12,CHEMBL490822,IC50,nM,80.0,CHEMBL612575,SARS coronavirus,SARS coronavirus,IC50,uM,0.08
CC(=O)n1ccc2c(C(=O)Oc3cncc(Cl)c3)cccc21,CHEMBL490821,IC50,nM,1080.0,CHEMBL612575,SARS coronavirus,SARS coronavirus,IC50,uM,1.08
O=C(Oc1cncc(Cl)c1)c1cccc2[nH]ccc12,CHEMBL490820,IC50,nM,30.0,CHEMBL612575,SARS coronavirus,SARS coronavirus,IC50,uM,0.03
O=C(Oc1cncc(Cl)c1)c1ccc2cc[nH]c2c1,CHEMBL496179,IC50,nM,230.0,CHEMBL612575,SARS coronavirus,SARS coronavirus,IC50,uM,0.23
O=C(Oc1cncc(Cl)c1)c1ccc2c(ccn2S(=O)(=O)c2cccc([N+](=O)[O-])c2)c1,CHEMBL496316,IC50,nM,89.0,CHEMBL612575,SARS coronavirus,SARS coronavirus,IC50,uM,0.08900000000000001
Cc1ccc(S(=O)(=O)n2ccc3cc(C(=O)Oc4cncc(Cl)c4)ccc32)cc1,CHEMBL497351,IC50,nM,370.0,CHEMBL612575,SARS coronavirus,SARS coronavirus,IC50,uM,0.37
CC(=O)n1ccc2cc(C(=O)Oc3cncc(Cl)c3)ccc21,CHEMBL497143,IC50,nM,400.0,CHEMBL612575,SARS coronavirus,SARS coronavirus,IC50,uM,0.4
O=C(Oc1cncc(Cl)c1)c1ccc2[nH]ccc2c1,CHEMBL510559,IC50,nM,310.0,CHEMBL612575,SARS coronavirus,SARS coronavirus,IC50,uM,0.31
O=C(On1nnc2ccccc21)c1ccc2[nH]ccc2c1,CHEMBL497141,IC50,nM,200.0,CHEMBL612575,SARS coronavirus,SARS coronavirus,IC50,uM,0.2
C/C=C/C[C@@H](C)[C@@H](O)[C@H]1C(=O)N[C@@H](CC)C(=O)N(C)[C@H](C)C(=O)N(CC)[C@@H](C(C)C)C(=O)N[C@@H](C(C)C)C(=O)N(C)[C@@H](CC(C)C)C(=O)N[C@@H](C)C(=O)N[C@H](C)C(=O)N(C)[C@@H](CC(C)C)C(=O)N(C)[C@@H](CC(C)C)C(=O)N(C)[C@@H](C(C)C)C(=O)N1C,CHEMBL1651956,IC50,nM,7700.0,CHEMBL612575,SARS coronavirus,SARS coronavirus,IC50,uM,7.7
C/C=C/C[C@@H](C)[C@@H](O)[C@H]1C(=O)N[C@@H](CC)C(=O)N(C)CC(=O)N(C)[C@@H](CC(C)C)C(=O)N[C@@H](C(C)C)C(=O)N(C)[C@@H](CC(C)C)C(=O)N[C@@H](C)C(=O)N[C@H](C)C(=O)N(C)[C@@H](CC(C)C)C(=O)N(C)[C@@H](CC(C)C)C(=O)N(C)[C@@H](C(C)C)C(=O)N1C,CHEMBL160,IC50,nM,8300.0,CHEMBL612575,SARS coronavirus,SARS coronavirus,IC50,uM,8.3
C/C=C/C[C@@H](C)[C@@H](O)[C@H]1C(=O)N[C@@H](CC)C(=O)N(C)[C@H](C)C(=O)N(CC)[C@@H](C(C)C)C(=O)N[C@@H](C(C)C)C(=O)N(C)[C@@H](CC(C)C)C(=O)N[C@@H](C)C(=O)N[C@H](C)C(=O)N(C)[C@@H](CC(C)C)C(=O)N(C)[C@@H](CC(C)C)C(=O)N(C)[C@@H](C(C)C)C(=O)N1C,CHEMBL1651956,IC50,nM,2200.0,CHEMBL612744,Feline coronavirus,Feline coronavirus,IC50,uM,2.2
C/C=C/C[C@@H](C)[C@@H](O)[C@H]1C(=O)N[C@@H](CC)C(=O)N(C)CC(=O)N(C)[C@@H](CC(C)C)C(=O)N[C@@H](C(C)C)C(=O)N(C)[C@@H](CC(C)C)C(=O)N[C@@H](C)C(=O)N[C@H](C)C(=O)N(C)[C@@H](CC(C)C)C(=O)N(C)[C@@H](CC(C)C)C(=O)N(C)[C@@H](C(C)C)C(=O)N1C,CHEMBL160,IC50,nM,1500.0,CHEMBL612744,Feline coronavirus,Feline coronavirus,IC50,uM,1.5
Cc1noc(C)c1CN1C(=O)C(=O)c2cc(C#N)ccc21,CHEMBL187579,IC50,nM,7200.0,CHEMBL3927,SARS coronavirus,SARS coronavirus 3C-like proteinase,IC50,uM,7.2
O=C1C(=O)N(Cc2ccc(F)cc2Cl)c2ccc(I)cc21,CHEMBL188487,IC50,nM,9400.0,CHEMBL3927,SARS coronavirus,SARS coronavirus 3C-like proteinase,IC50,uM,9.4
O=C1C(=O)N(CC2COc3ccccc3O2)c2ccc(I)cc21,CHEMBL185698,IC50,nM,13500.0,CHEMBL3927,SARS coronavirus,SARS coronavirus 3C-like proteinase,IC50,uM,13.5
O=C1C(=O)N(Cc2cc3ccccc3s2)c2ccccc21,CHEMBL426082,IC50,nM,13110.0,CHEMBL3927,SARS coronavirus,SARS coronavirus 3C-like proteinase,IC50,uM,13.11
O=C1C(=O)N(Cc2cc3ccccc3s2)c2c1cccc2[N+](=O)[O-],CHEMBL187717,IC50,nM,2000.0,CHEMBL3927,SARS coronavirus,SARS coronavirus 3C-like proteinase,IC50,uM,2.0
O=C1C(=O)N(Cc2cc3ccccc3s2)c2c(Br)cccc21,CHEMBL365134,IC50,nM,980.0,CHEMBL3927,SARS coronavirus,SARS coronavirus 3C-like proteinase,IC50,uM,0.98
O=C1C(=O)N(Cc2cc3ccccc3s2)c2ccc(F)cc21,CHEMBL187598,IC50,nM,4820.0,CHEMBL3927,SARS coronavirus,SARS coronavirus 3C-like proteinase,IC50,uM,4.82
O=C1C(=O)N(Cc2cc3ccccc3s2)c2ccc(I)cc21,CHEMBL190743,IC50,nM,950.0,CHEMBL3927,SARS coronavirus,SARS coronavirus 3C-like proteinase,IC50,uM,0.95
O=C1C(=O)N(Cc2cc3ccccc3s2)c2cccc(Cl)c21,CHEMBL365469,IC50,nM,11200.0,CHEMBL3927,SARS coronavirus,SARS coronavirus 3C-like proteinase,IC50,uM,11.2
O=C1C(=O)N(C/C=C/c2cc3ccccc3s2)c2ccc(I)cc21,CHEMBL188983,IC50,nM,23500.0,CHEMBL3927,SARS coronavirus,SARS coronavirus 3C-like proteinase,IC50,uM,23.5
O=C(Nc1ccc(Cl)cc1)c1ccc(CN2C(=O)C(=O)c3cc(I)ccc32)s1,CHEMBL191575,IC50,nM,12570.0,CHEMBL3927,SARS coronavirus,SARS coronavirus 3C-like proteinase,IC50,uM,12.57
O=C1C(=O)N(Cc2ccc(C(=O)N3CCCCC3)s2)c2ccc(I)cc21,CHEMBL370923,IC50,nM,17500.0,CHEMBL3927,SARS coronavirus,SARS coronavirus 3C-like proteinase,IC50,uM,17.5
CCOC(=O)/C=C/[C@H](C[C@@H]1CCNC1=O)NC(=O)[C@@H](CC(=O)[C@@H](NC(=O)c1cc(C)on1)C(C)C)Cc1ccccc1,CHEMBL194398,IC50,nM,45000.0,CHEMBL3927,SARS coronavirus,SARS coronavirus 3C-like proteinase,IC50,uM,45.0
CCOC(=O)/C=C/[C@H](C[C@@H]1CCNC1=O)NC(=O)[C@H](CC=C(C)C)CC(=O)[C@@H](NC(=O)c1cc(C)on1)C(C)C,CHEMBL196635,IC50,nM,70000.0,CHEMBL3927,SARS coronavirus,SARS coronavirus 3C-like proteinase,IC50,uM,70.0
CCCCN1C(=O)C(=O)c2cc(I)ccc21,CHEMBL209287,IC50,nM,66000.0,CHEMBL3927,SARS coronavirus,SARS coronavirus 3C-like proteinase,IC50,uM,66.0
NC(=O)c1ccc2c(c1)C(=O)C(=O)N2Cc1ccc2ccccc2c1,CHEMBL358279,IC50,nM,370.0,CHEMBL3927,SARS coronavirus,SARS coronavirus 3C-like proteinase,IC50,uM,0.37
NC(=O)c1ccc2c(c1)C(=O)C(=O)N2Cc1ccccc1,CHEMBL348660,IC50,nM,12500.0,CHEMBL3927,SARS coronavirus,SARS coronavirus 3C-like proteinase,IC50,uM,12.5
CCCCN1C(=O)C(=O)c2cc(C(N)=O)ccc21,CHEMBL379727,IC50,nM,19000.0,CHEMBL3927,SARS coronavirus,SARS coronavirus 3C-like proteinase,IC50,uM,19.0
CCCN1C(=O)C(=O)c2cc(C(N)=O)ccc21,CHEMBL210525,IC50,nM,25000.0,CHEMBL3927,SARS coronavirus,SARS coronavirus 3C-like proteinase,IC50,uM,25.0
CN1C(=O)C(=O)c2cc(C(N)=O)ccc21,CHEMBL148483,IC50,nM,71000.0,CHEMBL3927,SARS coronavirus,SARS coronavirus 3C-like proteinase,IC50,uM,71.0
O=C1C(=O)N(Cc2ccc3ccccc3c2)c2ccc(I)cc21,CHEMBL383725,IC50,nM,1100.0,CHEMBL3927,SARS coronavirus,SARS coronavirus 3C-like proteinase,IC50,uM,1.1
O=C1C(=O)N(Cc2ccccc2)c2ccc(I)cc21,CHEMBL118596,IC50,nM,50000.0,CHEMBL3927,SARS coronavirus,SARS coronavirus 3C-like proteinase,IC50,uM,50.0
O=C(CSc1nccc(-c2csc(-c3ccccc3)n2)n1)Nc1cc(Cl)cc(Cl)c1,CHEMBL208732,IC50,nM,3000.0,CHEMBL3927,SARS coronavirus,SARS coronavirus 3C-like proteinase,IC50,uM,3.0
COc1cccc(-c2nc(SCC(=O)Nc3ccc([N+](=O)[O-])cc3)nc(O)c2C#N)c1,CHEMBL210146,IC50,nM,300000.0,CHEMBL3927,SARS coronavirus,SARS coronavirus 3C-like proteinase,IC50,uM,300.0
CCOC(=O)c1cnc(SCC(=O)Nc2ccc([N+](=O)[O-])cc2)nc1N,CHEMBL207458,IC50,nM,250000.0,CHEMBL3927,SARS coronavirus,SARS coronavirus 3C-like proteinase,IC50,uM,250.0
COC(OC)c1cc(O)nc(SCC(=O)Nc2ccc(C(F)(F)F)cc2)n1,CHEMBL207484,IC50,nM,200000.0,CHEMBL3927,SARS coronavirus,SARS coronavirus 3C-like proteinase,IC50,uM,200.0
Cc1cc(O)nc(SCC(=O)Nc2cc(Cl)ccc2Oc2ccccc2)n1,CHEMBL207207,IC50,nM,100000.0,CHEMBL3927,SARS coronavirus,SARS coronavirus 3C-like proteinase,IC50,uM,100.0
CCC(Sc1nc(O)c(C#N)c(-c2cccc(OC)c2)n1)C(=O)Nc1ccc(C(C)=O)cc1,CHEMBL210487,IC50,nM,60000.0,CHEMBL3927,SARS coronavirus,SARS coronavirus 3C-like proteinase,IC50,uM,60.0
COc1ccc(NC(=O)CSc2nc(O)cc(-c3ccccc3)n2)cc1OC,CHEMBL380470,IC50,nM,45000.0,CHEMBL3927,SARS coronavirus,SARS coronavirus 3C-like proteinase,IC50,uM,45.0
CC(C)c1ccc(NC(=O)CSc2nccc(-c3cccs3)n2)cc1,CHEMBL210612,IC50,nM,40000.0,CHEMBL3927,SARS coronavirus,SARS coronavirus 3C-like proteinase,IC50,uM,40.0
O=C(CSc1nccc(-c2cc(-c3ccccc3Cl)no2)n1)Nc1ccc(Cl)cc1,CHEMBL209667,IC50,nM,15000.0,CHEMBL3927,SARS coronavirus,SARS coronavirus 3C-like proteinase,IC50,uM,15.0
O=C(CSc1nccc(-c2cc(-c3ccc(Cl)cc3Cl)no2)n1)Nc1ccc(C(F)(F)F)cc1,CHEMBL210097,IC50,nM,15000.0,CHEMBL3927,SARS coronavirus,SARS coronavirus 3C-like proteinase,IC50,uM,15.0
CSc1sc(-c2nc(C)cs2)c(C)c1-c1ccnc(SCC(=O)Nc2ccccc2Cl)n1,CHEMBL378674,IC50,nM,12000.0,CHEMBL3927,SARS coronavirus,SARS coronavirus 3C-like proteinase,IC50,uM,12.0
Cc1nc(SCC(=O)Nc2ccc([N+](=O)[O-])cc2)nc(O)c1C,CHEMBL210216,IC50,nM,1000000.0,CHEMBL3927,SARS coronavirus,SARS coronavirus 3C-like proteinase,IC50,uM,1000.0
Cc1cc(C(F)(F)F)nc(SCC(=O)Nc2ccc(Cl)cc2F)n1,CHEMBL210195,IC50,nM,500000.0,CHEMBL3927,SARS coronavirus,SARS coronavirus 3C-like proteinase,IC50,uM,500.0
COc1ccc(-c2ccnc(SCC(=O)Nc3ccc(C(C)C)cc3)n2)cc1,CHEMBL210437,IC50,nM,400000.0,CHEMBL3927,SARS coronavirus,SARS coronavirus 3C-like proteinase,IC50,uM,400.0
CC(C)(C)c1ccc(NC(=O)CSc2nc(O)c(C#N)c(C3CCCCC3)n2)cc1,CHEMBL378677,IC50,nM,350000.0,CHEMBL3927,SARS coronavirus,SARS coronavirus 3C-like proteinase,IC50,uM,350.0
CC(Sc1nc(O)c(C#N)c(-c2ccccc2)n1)C(=O)Nc1ccc(Cl)cc1,CHEMBL210972,IC50,nM,300000.0,CHEMBL3927,SARS coronavirus,SARS coronavirus 3C-like proteinase,IC50,uM,300.0
CCOc1ccc(N2C(=O)CC(Sc3nc(C)cc(C)n3)C2=O)cc1,CHEMBL210145,IC50,nM,300000.0,CHEMBL3927,SARS coronavirus,SARS coronavirus 3C-like proteinase,IC50,uM,300.0
N#Cc1c(O)nc(SCC(=O)Nc2cccc(C(F)(F)F)c2)nc1-c1ccccc1,CHEMBL377225,IC50,nM,200000.0,CHEMBL3927,SARS coronavirus,SARS coronavirus 3C-like proteinase,IC50,uM,200.0
CCCCc1ccc(NC(=O)CSc2nc(O)c(C#N)c(C3CCCCC3)n2)c(C)c1,CHEMBL210823,IC50,nM,200000.0,CHEMBL3927,SARS coronavirus,SARS coronavirus 3C-like proteinase,IC50,uM,200.0
CC(C)c1ccc(NC(=O)CSc2nccc(-c3csc(COc4ccccc4Cl)n3)n2)cc1,CHEMBL207381,IC50,nM,200000.0,CHEMBL3927,SARS coronavirus,SARS coronavirus 3C-like proteinase,IC50,uM,200.0
Cc1cc(O)nc(SCC(=O)Nc2ccc(Oc3ccc(Cl)cc3)cc2)n1,CHEMBL210511,IC50,nM,200000.0,CHEMBL3927,SARS coronavirus,SARS coronavirus 3C-like proteinase,IC50,uM,200.0
COc1cccc(-c2nc(SCC(=O)Nc3ccc(C(C)=O)cc3)nc(O)c2C#N)c1,CHEMBL210632,IC50,nM,60000.0,CHEMBL3927,SARS coronavirus,SARS coronavirus 3C-like proteinase,IC50,uM,60.0
COc1cccc(-c2nc(SCC(=O)Nc3ccc(S(N)(=O)=O)cc3)nc(O)c2C#N)c1,CHEMBL210497,IC50,nM,40000.0,CHEMBL3927,SARS coronavirus,SARS coronavirus 3C-like proteinase,IC50,uM,40.0
CCCc1cc(O)nc(SCC(=O)Nc2ccc(Cl)cc2)n1,CHEMBL208584,IC50,nM,30000.0,CHEMBL3927,SARS coronavirus,SARS coronavirus 3C-like proteinase,IC50,uM,30.0
O=C(CSc1nccc(-c2cc(-c3ccccc3)no2)n1)Nc1ccc(Cl)cc1,CHEMBL208763,IC50,nM,15000.0,CHEMBL3927,SARS coronavirus,SARS coronavirus 3C-like proteinase,IC50,uM,15.0
Cc1nc(-c2nc(-c3ccnc(SCC(=O)Nc4ccc(Cl)cc4)n3)cs2)cs1,CHEMBL209227,IC50,nM,14000.0,CHEMBL3927,SARS coronavirus,SARS coronavirus 3C-like proteinase,IC50,uM,14.0
CSc1sc(-c2nc(C)cs2)c(C)c1-c1ccnc(SCC(=O)Nc2ccc(Cl)cc2)n1,CHEMBL210092,IC50,nM,11000.0,CHEMBL3927,SARS coronavirus,SARS coronavirus 3C-like proteinase,IC50,uM,11.0
Cn1nc(-c2ccc(-c3ccnc(SCC(=O)Nc4ccc(Cl)cc4)n3)s2)cc1C(F)(F)F,CHEMBL377150,IC50,nM,10000.0,CHEMBL3927,SARS coronavirus,SARS coronavirus 3C-like proteinase,IC50,uM,10.0
O=C(Oc1ccc(S(=O)(=O)c2ccc(OC(=O)C(Cl)=C(Cl)Cl)cc2)cc1)C(Cl)=C(Cl)Cl,CHEMBL212454,IC50,nM,900.0,CHEMBL3927,SARS coronavirus,SARS coronavirus 3C-like proteinase,IC50,uM,0.9
Nc1ncc(S(=O)(=O)c2ccc(Cl)cc2)c(N)n1,CHEMBL213581,IC50,nM,6000.0,CHEMBL3927,SARS coronavirus,SARS coronavirus 3C-like proteinase,IC50,uM,6.0
O=[N+]([O-])c1cc(C(F)(F)F)ccc1S(=O)(=O)c1ccc(Cl)cc1,CHEMBL380403,IC50,nM,12000.0,CHEMBL3927,SARS coronavirus,SARS coronavirus 3C-like proteinase,IC50,uM,12.0
Cc1nc(S(=O)(=O)c2ccccc2)c(C#N)c(C)c1[N+](=O)[O-],CHEMBL212504,IC50,nM,13000.0,CHEMBL3927,SARS coronavirus,SARS coronavirus 3C-like proteinase,IC50,uM,13.0
Cc1ccc(S(=O)(=O)c2nc(C)c([N+](=O)[O-])c(C)c2C#N)cc1,CHEMBL211969,IC50,nM,13000.0,CHEMBL3927,SARS coronavirus,SARS coronavirus 3C-like proteinase,IC50,uM,13.0
O=[N+]([O-])c1ccc(S(=O)(=O)c2ccc(Cl)cc2)[n+]([O-])c1,CHEMBL384739,IC50,nM,15000.0,CHEMBL3927,SARS coronavirus,SARS coronavirus 3C-like proteinase,IC50,uM,15.0
CCOC(=O)/C(C#N)=C/Nc1ccc(S(=O)(=O)c2ccc(/N=C/C(C#N)=C(\O)OCC)cc2)cc1,CHEMBL215732,IC50,nM,16000.0,CHEMBL3927,SARS coronavirus,SARS coronavirus 3C-like proteinase,IC50,uM,16.0
O=C(O)c1ccc(S(=O)(=O)c2cc(Br)c(O)c(Br)c2)cc1,CHEMBL212240,IC50,nM,16000.0,CHEMBL3927,SARS coronavirus,SARS coronavirus 3C-like proteinase,IC50,uM,16.0
CC(=O)c1ccccc1S(=O)(=O)c1ccccc1C(=O)O,CHEMBL377253,IC50,nM,16000.0,CHEMBL3927,SARS coronavirus,SARS coronavirus 3C-like proteinase,IC50,uM,16.0
O=[N+]([O-])c1ccc(S(=O)(=O)c2ccc([N+](=O)[O-])cc2)cc1,CHEMBL215397,IC50,nM,25000.0,CHEMBL3927,SARS coronavirus,SARS coronavirus 3C-like proteinase,IC50,uM,25.0
CCOC(=O)C(=CNc1ccc(S(=O)(=O)c2ccc(/N=C/C(C(=O)OCC)=C(\O)OCC)cc2)cc1)C(=O)OCC,CHEMBL378342,IC50,nM,32000.0,CHEMBL3927,SARS coronavirus,SARS coronavirus 3C-like proteinase,IC50,uM,32.0
O=C(Sc1nnc(C(F)(F)F)[nH]1)c1ccc(C#Cc2ccccc2)o1,CHEMBL379642,IC50,nM,3000.0,CHEMBL3927,SARS coronavirus,SARS coronavirus 3C-like proteinase,IC50,uM,3.0
Cc1noc(NC(=O)c2ccc(-c3cc(C(F)(F)F)nn3C)s2)c1[N+](=O)[O-],CHEMBL427404,IC50,nM,5000.0,CHEMBL3927,SARS coronavirus,SARS coronavirus 3C-like proteinase,IC50,uM,5.0
Cc1oc(C(C)(C)C)cc1-c1cc(NS(=O)(=O)c2cccs2)[nH]n1,CHEMBL212190,IC50,nM,10000.0,CHEMBL3927,SARS coronavirus,SARS coronavirus 3C-like proteinase,IC50,uM,10.0
CSc1[nH]nc(NC(=O)c2cccs2)c1S(=O)(=O)c1ccccc1,CHEMBL378700,IC50,nM,15000.0,CHEMBL3927,SARS coronavirus,SARS coronavirus 3C-like proteinase,IC50,uM,15.0
CC1(C)CC(=O)c2c(NCc3ccco3)sc(C#N)c2C1,CHEMBL212019,IC50,nM,16000.0,CHEMBL3927,SARS coronavirus,SARS coronavirus 3C-like proteinase,IC50,uM,16.0
CSc1nn(-c2c([N+](=O)[O-])c(C)nn2C)c(-c2cccs2)c1C#N,CHEMBL212399,IC50,nM,18000.0,CHEMBL3927,SARS coronavirus,SARS coronavirus 3C-like proteinase,IC50,uM,18.0
O=S(=O)(Cc1[nH]c(-c2ccc(Cl)s2)c[s+]1)c1cccs1.[Br-],CHEMBL215733,IC50,nM,18000.0,CHEMBL3927,SARS coronavirus,SARS coronavirus 3C-like proteinase,IC50,uM,18.0
Cc1nn(C)c(NCc2ccc(-c3cccs3)s2)c1[N+](=O)[O-],CHEMBL375130,IC50,nM,20000.0,CHEMBL3927,SARS coronavirus,SARS coronavirus 3C-like proteinase,IC50,uM,20.0
O=C(Cc1nccs1)c1nccs1,CHEMBL214372,IC50,nM,40000.0,CHEMBL3927,SARS coronavirus,SARS coronavirus 3C-like proteinase,IC50,uM,40.0
Cc1cc(S(=O)(=O)c2c([N+](=O)[O-])cc(C(F)(F)F)cc2[N+](=O)[O-])c(Cl)cc1Cl,CHEMBL212218,IC50,nM,300.0,CHEMBL3927,SARS coronavirus,SARS coronavirus 3C-like proteinase,IC50,uM,0.3
O=C(Oc1cncc(Cl)c1)c1ccco1,CHEMBL222840,IC50,nM,60.0,CHEMBL3927,SARS coronavirus,SARS coronavirus 3C-like proteinase,IC50,nM,60.0
O=C(Oc1cncc(Cl)c1)c1ccc(-c2ccc(Cl)cc2)o1,CHEMBL222769,IC50,nM,63.0,CHEMBL3927,SARS coronavirus,SARS coronavirus 3C-like proteinase,IC50,nM,63.0
COc1cccc(C(=O)Oc2cncc(Cl)c2)c1,CHEMBL222735,IC50,nM,340.0,CHEMBL3927,SARS coronavirus,SARS coronavirus 3C-like proteinase,IC50,nM,340.0
O=C(Oc1cncc(Cl)c1)c1cscn1,CHEMBL222628,IC50,nM,270.0,CHEMBL3927,SARS coronavirus,SARS coronavirus 3C-like proteinase,IC50,nM,270.0
O=C(Oc1cncc(Cl)c1)c1cc2ccccc2s1,CHEMBL222893,IC50,nM,95.0,CHEMBL3927,SARS coronavirus,SARS coronavirus 3C-like proteinase,IC50,nM,95.0
O=C(Oc1cncc(Cl)c1)c1cc2ccccc2[nH]1,CHEMBL225515,IC50,nM,65.0,CHEMBL3927,SARS coronavirus,SARS coronavirus 3C-like proteinase,IC50,nM,65.0
O=C(Oc1cncc(Br)c1)c1ccco1,CHEMBL222234,IC50,nM,50.0,CHEMBL3927,SARS coronavirus,SARS coronavirus 3C-like proteinase,IC50,nM,50.0
O=C(Oc1cncc(Cl)c1)c1cc2ccccc2o1,CHEMBL426898,IC50,nM,170.0,CHEMBL3927,SARS coronavirus,SARS coronavirus 3C-like proteinase,IC50,nM,170.0
Cc1coc2c1C(=O)C(=O)c1c-2ccc2c1CCCC2(C)C,CHEMBL187266,IC50,nM,89100.0,CHEMBL3927,SARS coronavirus,SARS coronavirus 3C-like proteinase,IC50,uM,89.1
Cc1coc2c1C(=O)C(=O)c1c-2ccc2c1CCCC2(C)CO,CHEMBL215254,IC50,nM,24800.0,CHEMBL3927,SARS coronavirus,SARS coronavirus 3C-like proteinase,IC50,uM,24.8
COC(=O)[C@@]1(C)CCCc2c1ccc1c2C(=O)C(=O)c2c(C)coc2-1,CHEMBL2146517,IC50,nM,21100.0,CHEMBL3927,SARS coronavirus,SARS coronavirus 3C-like proteinase,IC50,uM,21.1
C[C@H]1COC2=C1C(=O)C(=O)c1c2ccc2c1CCCC2(C)C,CHEMBL187460,IC50,nM,226700.0,CHEMBL3927,SARS coronavirus,SARS coronavirus 3C-like proteinase,IC50,uM,226.7
Cc1coc2c1C(=O)C(=O)c1c-2ccc2c(C)cccc12,CHEMBL363535,IC50,nM,38700.0,CHEMBL3927,SARS coronavirus,SARS coronavirus 3C-like proteinase,IC50,uM,38.7
Cc1cccc2c3c(ccc12)C1=C(C(=O)C3=O)[C@@H](C)CO1,CHEMBL227075,IC50,nM,14400.0,CHEMBL3927,SARS coronavirus,SARS coronavirus 3C-like proteinase,IC50,uM,14.4
CC(C)C1=Cc2ccc3c(c2C(=O)C1=O)CCCC3(C)C,CHEMBL45830,IC50,nM,21100.0,CHEMBL3927,SARS coronavirus,SARS coronavirus 3C-like proteinase,IC50,uM,21.1
Cc1coc2c1C(=O)C(=O)c1c-2ccc2c1CCCC2(C)C,CHEMBL187266,IC50,nM,1600.0,CHEMBL3927,SARS coronavirus,SARS coronavirus 3C-like proteinase,IC50,uM,1.6
Cc1coc2c1C(=O)C(=O)c1c-2ccc2c1CCCC2(C)CO,CHEMBL215254,IC50,nM,10700.0,CHEMBL3927,SARS coronavirus,SARS coronavirus 3C-like proteinase,IC50,uM,10.7
COC(=O)[C@@]1(C)CCCc2c1ccc1c2C(=O)C(=O)c2c(C)coc2-1,CHEMBL2146517,IC50,nM,9200.0,CHEMBL3927,SARS coronavirus,SARS coronavirus 3C-like proteinase,IC50,uM,9.2
C[C@H]1COC2=C1C(=O)C(=O)c1c2ccc2c1CCCC2(C)C,CHEMBL187460,IC50,nM,800.0,CHEMBL3927,SARS coronavirus,SARS coronavirus 3C-like proteinase,IC50,uM,0.8
Cc1coc2c1C(=O)C(=O)c1c-2ccc2c(C)cccc12,CHEMBL363535,IC50,nM,8800.0,CHEMBL3927,SARS coronavirus,SARS coronavirus 3C-like proteinase,IC50,uM,8.8
Cc1cccc2c3c(ccc12)C1=C(C(=O)C3=O)[C@@H](C)CO1,CHEMBL227075,IC50,nM,4900.0,CHEMBL3927,SARS coronavirus,SARS coronavirus 3C-like proteinase,IC50,uM,4.9
CC(C)C1=Cc2ccc3c(c2C(=O)C1=O)CCCC3(C)C,CHEMBL45830,IC50,nM,30000.0,CHEMBL3927,SARS coronavirus,SARS coronavirus 3C-like proteinase,IC50,uM,30.0
Cc1coc2c1C(=O)C(=O)c1c-2ccc2c1CCCC2(C)CO,CHEMBL215254,IC50,nM,52000.0,CHEMBL3927,SARS coronavirus,SARS coronavirus 3C-like proteinase,IC50,uM,52.0
C[C@H]1COC2=C1C(=O)C(=O)c1c2ccc2c1CCCC2(C)C,CHEMBL187460,IC50,nM,87600.0,CHEMBL3927,SARS coronavirus,SARS coronavirus 3C-like proteinase,IC50,uM,87.6
Cc1coc2c1C(=O)C(=O)c1c-2ccc2c(C)cccc12,CHEMBL363535,IC50,nM,700.0,CHEMBL3927,SARS coronavirus,SARS coronavirus 3C-like proteinase,IC50,uM,0.7
Cc1cccc2c3c(ccc12)C1=C(C(=O)C3=O)[C@@H](C)CO1,CHEMBL227075,IC50,nM,1200.0,CHEMBL3927,SARS coronavirus,SARS coronavirus 3C-like proteinase,IC50,uM,1.2
CC(C)C1=Cc2ccc3c(c2C(=O)C1=O)CCCC3(C)C,CHEMBL45830,IC50,nM,60200.0,CHEMBL3927,SARS coronavirus,SARS coronavirus 3C-like proteinase,IC50,uM,60.2
Cc1coc2c1C(=O)C(=O)c1c-2ccc2c1CCCC2(C)C,CHEMBL187266,IC50,nM,17100.0,CHEMBL3927,SARS coronavirus,SARS coronavirus 3C-like proteinase,IC50,uM,17.1
Cc1coc2c1C(=O)C(=O)c1c-2ccc2c1CCCC2(C)CO,CHEMBL215254,IC50,nM,18000.0,CHEMBL3927,SARS coronavirus,SARS coronavirus 3C-like proteinase,IC50,uM,18.0
COC(=O)[C@@]1(C)CCCc2c1ccc1c2C(=O)C(=O)c2c(C)coc2-1,CHEMBL2146517,IC50,nM,10600.0,CHEMBL3927,SARS coronavirus,SARS coronavirus 3C-like proteinase,IC50,uM,10.6
C[C@H]1COC2=C1C(=O)C(=O)c1c2ccc2c1CCCC2(C)C,CHEMBL187460,IC50,nM,10100.0,CHEMBL3927,SARS coronavirus,SARS coronavirus 3C-like proteinase,IC50,uM,10.1
Cc1coc2c1C(=O)C(=O)c1c-2ccc2c(C)cccc12,CHEMBL363535,IC50,nM,11500.0,CHEMBL3927,SARS coronavirus,SARS coronavirus 3C-like proteinase,IC50,uM,11.5
Cc1cccc2c3c(ccc12)C1=C(C(=O)C3=O)[C@@H](C)CO1,CHEMBL227075,IC50,nM,10700.0,CHEMBL3927,SARS coronavirus,SARS coronavirus 3C-like proteinase,IC50,uM,10.7
CC(C)C1=Cc2ccc3c(c2C(=O)C1=O)CCCC3(C)C,CHEMBL45830,IC50,nM,78900.0,CHEMBL3927,SARS coronavirus,SARS coronavirus 3C-like proteinase,IC50,uM,78.9
CCOC(=O)/C=C/[C@H](C[C@@H]1CCNC1=O)NC(=O)[C@@H](CC(=O)[C@@H](NC(=O)c1cc(C)on1)C(C)C)Cc1ccccc1,CHEMBL194398,IC50,nM,870000.0,CHEMBL5118,SARS coronavirus,Replicase polyprotein 1ab,IC50,uM,870.0
CCOC(=O)/C=C/[C@H](C[C@@H]1CCNC1=O)NC(=O)[C@H](CC(C)C)NC(=O)[C@@H](NC(=O)c1cc(C)on1)C(C)C,CHEMBL393608,IC50,nM,200000.0,CHEMBL5118,SARS coronavirus,Replicase polyprotein 1ab,IC50,uM,200.0
CCOC(=O)/C=C/[C@H](C[C@@H]1CCNC1=O)NC(=O)[C@H](Cc1ccccc1)NC(=O)[C@@H](NC(=O)c1cc(C)on1)C(C)C,CHEMBL238216,IC50,nM,300000.0,CHEMBL5118,SARS coronavirus,Replicase polyprotein 1ab,IC50,uM,300.0
CCOC(=O)/C=C/[C@H](C[C@@H]1CCNC1=O)NC(=O)[C@H](Cc1ccccc1)NC(=O)[C@@H](NC(=O)[C@H](CO)NC(=O)OC(C)(C)C)C(C)C,CHEMBL235873,IC50,nM,15000.0,CHEMBL5118,SARS coronavirus,Replicase polyprotein 1ab,IC50,uM,15.0
CCOC(=O)/C=C/[C@H](C[C@@H]1CCNC1=O)NC(=O)[C@H](CC(C)C)NC(=O)[C@@H](NC(=O)[C@H](CO)NC(=O)OC(C)(C)C)C(C)C,CHEMBL397154,IC50,nM,10000.0,CHEMBL5118,SARS coronavirus,Replicase polyprotein 1ab,IC50,uM,10.0
CCOC(=O)/C=C/[C@H](C[C@@H]1CCNC1=O)NC(=O)[C@H](CC=C(C)C)CC(=O)[C@@H](NC(=O)[C@H](CO)NC(=O)OC(C)(C)C)C(C)C,CHEMBL238217,IC50,nM,80000.0,CHEMBL5118,SARS coronavirus,Replicase polyprotein 1ab,IC50,uM,80.0
CCOC(=O)/C=C/[C@H](C[C@@H]1CCNC1=O)NC(=O)[C@H](CC=C(C)C)CC(=O)[C@@H](NC(=O)c1cc(C)on1)C(C)C,CHEMBL196635,IC50,nM,800000.0,CHEMBL5118,SARS coronavirus,Replicase polyprotein 1ab,IC50,uM,800.0
O=C(O)/C(O)=C/C(=O)c1cccc(NCc2ccccc2)c1,CHEMBL492571,IC50,nM,5400.0,CHEMBL5118,SARS coronavirus,Replicase polyprotein 1ab,IC50,uM,5.4
O=C(O)/C(O)=C/C(=O)c1cccc(NCc2ccc(Cl)cc2)c1,CHEMBL522710,IC50,nM,11000.0,CHEMBL5118,SARS coronavirus,Replicase polyprotein 1ab,IC50,uM,11.0
O=C(O)/C(O)=C/C(=O)c1cccc(OCc2ccc(Cl)cc2)c1,CHEMBL492771,IC50,nM,13600.0,CHEMBL5118,SARS coronavirus,Replicase polyprotein 1ab,IC50,uM,13.6
O=C(O)/C(O)=C/C(=O)c1cccc(OCc2ccc(Cl)cc2)c1,CHEMBL492771,IC50,nM,24400.0,CHEMBL5118,SARS coronavirus,Replicase polyprotein 1ab,IC50,uM,24.4
O=C(O)/C(O)=C/C(=O)c1ccccc1OCc1ccc(Cl)cc1,CHEMBL492772,IC50,nM,28700.0,CHEMBL5118,SARS coronavirus,Replicase polyprotein 1ab,IC50,uM,28.7
O=C(O)/C(O)=C/C(=O)c1ccc(OCc2ccccc2)cc1,CHEMBL492768,IC50,nM,39900.0,CHEMBL5118,SARS coronavirus,Replicase polyprotein 1ab,IC50,uM,39.9
O=C(O)/C(O)=C/C(=O)c1ccc(OCc2ccccc2)cc1,CHEMBL492768,IC50,nM,41300.0,CHEMBL5118,SARS coronavirus,Replicase polyprotein 1ab,IC50,uM,41.3
O=C(O)/C(O)=C/C(=O)c1ccc(OCc2ccc(Cl)cc2)cc1,CHEMBL492769,IC50,nM,50000.0,CHEMBL5118,SARS coronavirus,Replicase polyprotein 1ab,IC50,uM,50.0
O=C(O)/C(O)=C/C(=O)c1cccc(OCc2ccccc2)c1,CHEMBL492770,IC50,nM,50000.0,CHEMBL5118,SARS coronavirus,Replicase polyprotein 1ab,IC50,uM,50.0
O=C(O)/C(O)=C/C(=O)c1ccccc1OCc1ccccc1,CHEMBL499444,IC50,nM,50000.0,CHEMBL5118,SARS coronavirus,Replicase polyprotein 1ab,IC50,uM,50.0
O=C(O)/C(O)=C/C(=O)c1ccccc1OCc1ccc(Cl)cc1,CHEMBL492772,IC50,nM,50000.0,CHEMBL5118,SARS coronavirus,Replicase polyprotein 1ab,IC50,uM,50.0
O=C(O)/C(O)=C/C(=O)c1cccc(NCc2ccccc2)c1,CHEMBL492571,IC50,nM,50000.0,CHEMBL5118,SARS coronavirus,Replicase polyprotein 1ab,IC50,uM,50.0
O=C(O)/C(O)=C/C(=O)c1cccc(NCc2ccc(Cl)cc2)c1,CHEMBL522710,IC50,nM,50000.0,CHEMBL5118,SARS coronavirus,Replicase polyprotein 1ab,IC50,uM,50.0
O=C(O)/C(O)=C/C(=O)c1ccc(OCc2ccc(Cl)cc2)cc1,CHEMBL492769,IC50,nM,50000.0,CHEMBL5118,SARS coronavirus,Replicase polyprotein 1ab,IC50,uM,50.0
O=C(O)/C(O)=C/C(=O)c1cccc(OCc2ccccc2)c1,CHEMBL492770,IC50,nM,50000.0,CHEMBL5118,SARS coronavirus,Replicase polyprotein 1ab,IC50,uM,50.0
O=C(O)/C(O)=C/C(=O)c1ccccc1OCc1ccccc1,CHEMBL499444,IC50,nM,50000.0,CHEMBL5118,SARS coronavirus,Replicase polyprotein 1ab,IC50,uM,50.0
O=C(Oc1cccnc1)c1cccs1,CHEMBL221366,IC50,nM,500.0,CHEMBL5118,SARS coronavirus,Replicase polyprotein 1ab,IC50,uM,0.5
CCN1/C(=C\C=C\c2sc3ccc(-c4nc5ccccc5s4)cc3[n+]2CC)Sc2ccc(-c3nc4ccccc4s3)cc21.[Cl-],CHEMBL541163,IC50,nM,2500.0,CHEMBL5118,SARS coronavirus,Replicase polyprotein 1ab,IC50,uM,2.5
CCN1C(c2ccccc2)=C(c2ccccc2)S/C1=C/C=C/c1sc2c3ccccc3ccc2[n+]1CC.[Cl-],CHEMBL540403,IC50,nM,3800.0,CHEMBL5118,SARS coronavirus,Replicase polyprotein 1ab,IC50,uM,3.8
C(\C1=C2Sc3ccccc3N2CC1)=C1/CC[n+]2c1sc1ccccc12,CHEMBL518593,IC50,nM,10500.0,CHEMBL5118,SARS coronavirus,Replicase polyprotein 1ab,IC50,uM,10.5
CCN1/C(=C\C=C\C2=C/C(=C/c3sc4ccccc4[n+]3CC)CC(C)C2)Sc2ccccc21,CHEMBL478119,IC50,nM,2000.0,CHEMBL5118,SARS coronavirus,Replicase polyprotein 1ab,IC50,uM,2.0
CCC(=C\c1sc2cc(C)c(C)cc2[n+]1CC)/C=C1/Sc2cc(/C=C/c3ccccc3)ccc2N1CC.[Cl-],CHEMBL558828,IC50,nM,6600.0,CHEMBL5118,SARS coronavirus,Replicase polyprotein 1ab,IC50,uM,6.6
CCN1/C(=C\C=c2/s/c(=C\c3sc4ccccc4[n+]3CC)n(CC)c2=O)Sc2ccccc21,CHEMBL478987,IC50,nM,10000.0,CHEMBL5118,SARS coronavirus,Replicase polyprotein 1ab,IC50,uM,10.0
CCC(=C\c1sc2c3ccccc3ccc2[n+]1CC)/C=C1/Sc2cc(C)c(C)cc2N1CC,CHEMBL479172,IC50,nM,5400.0,CHEMBL5118,SARS coronavirus,Replicase polyprotein 1ab,IC50,uM,5.4
CCN1/C(=C\C(=C/c2sc3ccccc3[n+]2CCCS(=O)(=O)[O-])OC)Sc2ccc(OC)cc21,CHEMBL515787,IC50,nM,7300.0,CHEMBL5118,SARS coronavirus,Replicase polyprotein 1ab,IC50,uM,7.3
O=c1cc(CNCc2ccc(Cl)cc2)oc2ccc(O)c(O)c12,CHEMBL549646,IC50,nM,50000.0,CHEMBL5118,SARS coronavirus,Replicase polyprotein 1ab,IC50,uM,50.0
O=c1cc(CNCc2ccc(Cl)cc2)oc2ccc(O)c(O)c12,CHEMBL549646,IC50,nM,50000.0,CHEMBL5118,SARS coronavirus,Replicase polyprotein 1ab,IC50,uM,50.0
O=c1cc(CNCc2cccc(Cl)c2)oc2ccc(O)c(O)c12,CHEMBL560136,IC50,nM,50000.0,CHEMBL5118,SARS coronavirus,Replicase polyprotein 1ab,IC50,uM,50.0
O=c1cc(CNCc2cccc(Cl)c2)oc2ccc(O)c(O)c12,CHEMBL560136,IC50,nM,50000.0,CHEMBL5118,SARS coronavirus,Replicase polyprotein 1ab,IC50,uM,50.0
N#Cc1cccc(CNCc2cc(=O)c3c(O)c(O)ccc3o2)c1,CHEMBL560392,IC50,nM,50000.0,CHEMBL5118,SARS coronavirus,Replicase polyprotein 1ab,IC50,uM,50.0
N#Cc1cccc(CNCc2cc(=O)c3c(O)c(O)ccc3o2)c1,CHEMBL560392,IC50,nM,50000.0,CHEMBL5118,SARS coronavirus,Replicase polyprotein 1ab,IC50,uM,50.0
O=c1c(O)c(-c2ccc(O)c(O)c2)oc2cc(O)cc(O)c12,CHEMBL50,IC50,nM,50000.0,CHEMBL5118,SARS coronavirus,Replicase polyprotein 1ab,IC50,uM,50.0
O=c1c(O)c(-c2ccc(O)c(O)c2)oc2cc(O)cc(O)c12,CHEMBL50,IC50,nM,8100.0,CHEMBL5118,SARS coronavirus,Replicase polyprotein 1ab,IC50,uM,8.1
O=c1c(O)c(-c2ccc3c(c2)OCO3)oc2cc(O)cc(O)c12,CHEMBL556501,IC50,nM,50000.0,CHEMBL5118,SARS coronavirus,Replicase polyprotein 1ab,IC50,uM,50.0
O=c1c(O)c(-c2ccc3c(c2)OCO3)oc2cc(O)cc(O)c12,CHEMBL556501,IC50,nM,50000.0,CHEMBL5118,SARS coronavirus,Replicase polyprotein 1ab,IC50,uM,50.0
O=c1c(O)c(-c2ccc(O)c(O)c2)oc2cc(OCc3ccc(Cl)cc3)cc(O)c12,CHEMBL550256,IC50,nM,20900.0,CHEMBL5118,SARS coronavirus,Replicase polyprotein 1ab,IC50,uM,20.9
O=c1c(O)c(-c2ccc(O)c(O)c2)oc2cc(OCc3ccc(Cl)cc3)cc(O)c12,CHEMBL550256,IC50,nM,4100.0,CHEMBL5118,SARS coronavirus,Replicase polyprotein 1ab,IC50,uM,4.1
O=c1c(O)c(-c2ccc(O)c(O)c2)oc2cc(OCc3cccc(Cl)c3)cc(O)c12,CHEMBL551130,IC50,nM,50000.0,CHEMBL5118,SARS coronavirus,Replicase polyprotein 1ab,IC50,uM,50.0
O=c1c(O)c(-c2ccc(O)c(O)c2)oc2cc(OCc3cccc(Cl)c3)cc(O)c12,CHEMBL551130,IC50,nM,5200.0,CHEMBL5118,SARS coronavirus,Replicase polyprotein 1ab,IC50,uM,5.2
N#Cc1cccc(COc2cc(O)c3c(=O)c(O)c(-c4ccc(O)c(O)c4)oc3c2)c1,CHEMBL551131,IC50,nM,25400.0,CHEMBL5118,SARS coronavirus,Replicase polyprotein 1ab,IC50,uM,25.4
N#Cc1cccc(COc2cc(O)c3c(=O)c(O)c(-c4ccc(O)c(O)c4)oc3c2)c1,CHEMBL551131,IC50,nM,2700.0,CHEMBL5118,SARS coronavirus,Replicase polyprotein 1ab,IC50,uM,2.7
O=c1c(O)c(-c2ccc3c(c2)OCO3)oc2cc(OCc3ccc(Cl)cc3)cc(O)c12,CHEMBL551334,IC50,nM,50000.0,CHEMBL5118,SARS coronavirus,Replicase polyprotein 1ab,IC50,uM,50.0
O=c1c(O)c(-c2ccc3c(c2)OCO3)oc2cc(OCc3ccc(Cl)cc3)cc(O)c12,CHEMBL551334,IC50,nM,9300.0,CHEMBL5118,SARS coronavirus,Replicase polyprotein 1ab,IC50,uM,9.3
O=c1c(O)c(-c2ccc3c(c2)OCO3)oc2cc(OCc3cccc(Cl)c3)cc(O)c12,CHEMBL560933,IC50,nM,50000.0,CHEMBL5118,SARS coronavirus,Replicase polyprotein 1ab,IC50,uM,50.0
O=c1c(O)c(-c2ccc3c(c2)OCO3)oc2cc(OCc3cccc(Cl)c3)cc(O)c12,CHEMBL560933,IC50,nM,15400.0,CHEMBL5118,SARS coronavirus,Replicase polyprotein 1ab,IC50,uM,15.4
N#Cc1cccc(COc2cc(O)c3c(=O)c(O)c(-c4ccc5c(c4)OCO5)oc3c2)c1,CHEMBL551529,IC50,nM,42900.0,CHEMBL5118,SARS coronavirus,Replicase polyprotein 1ab,IC50,uM,42.9
N#Cc1cccc(COc2cc(O)c3c(=O)c(O)c(-c4ccc5c(c4)OCO5)oc3c2)c1,CHEMBL551529,IC50,nM,8100.0,CHEMBL5118,SARS coronavirus,Replicase polyprotein 1ab,IC50,uM,8.1
O=C(Nc1ccc([N+](=O)[O-])cc1Cl)c1cc(Cl)ccc1O,CHEMBL1448,IC50,nM,40000.0,CHEMBL5118,SARS coronavirus,Replicase polyprotein 1ab,IC50,uM,40.0
CC1=C(O)C(=O)C=C2C1=CC=C1[C@@]3(C)CC[C@@]4(C)CC[C@@](C)(C(=O)O)C[C@H]4[C@]3(C)CC[C@@]21C,CHEMBL301982,IC50,nM,10300.0,CHEMBL5118,SARS coronavirus,Replicase polyprotein 1ab,IC50,uM,10.3
COC(=O)[C@]1(C)CC[C@]2(C)CC[C@]3(C)C4=CC=C5C(=CC(=O)C(O)=C5C)[C@]4(C)CC[C@@]3(C)[C@@H]2C1,CHEMBL54804,IC50,nM,5500.0,CHEMBL5118,SARS coronavirus,Replicase polyprotein 1ab,IC50,uM,5.5
CC1=C(O)C(=O)C=C2C1=CC=C1[C@@]3(C)CC[C@@]4(C)CC(=O)[C@H](C)C[C@H]4[C@]3(C)CC[C@@]21C,CHEMBL432519,IC50,nM,9900.0,CHEMBL5118,SARS coronavirus,Replicase polyprotein 1ab,IC50,uM,9.9
CC1=CC[C@]2(C)CC[C@]3(C)C4=CC=C5C(=CC(=O)C(O)=C5C)[C@]4(C)CC[C@@]3(C)[C@@H]2C1,CHEMBL1092796,IC50,nM,2600.0,CHEMBL5118,SARS coronavirus,Replicase polyprotein 1ab,IC50,uM,2.6
Cc1c(O)c(O)cc2c1CC=C1[C@@]3(C)CC[C@@]4(C)CC[C@@](C)(C(=O)O)C[C@H]4[C@]3(C)CC[C@]12C,CHEMBL1092797,IC50,nM,21700.0,CHEMBL5118,SARS coronavirus,Replicase polyprotein 1ab,IC50,uM,21.7
COc1cc(/C=C/C(=O)/C=C(O)/C=C/c2ccc(O)c(OC)c2)ccc1O,CHEMBL116438,IC50,nM,23500.0,CHEMBL5118,SARS coronavirus,Replicase polyprotein 1ab,IC50,uM,23.5
O=C(O)c1ccc(/C=C2\C(=O)N(c3ccccc3)N=C2c2ccccc2)cc1,CHEMBL1277944,IC50,nM,18000.0,CHEMBL5118,SARS coronavirus,Replicase polyprotein 1ab,IC50,uM,18.0
O=C(O)c1ccc(/C=C2\C(=O)N(c3ccc(Cl)cc3)N=C2c2ccccc2)cc1,CHEMBL1278125,IC50,nM,13900.0,CHEMBL5118,SARS coronavirus,Replicase polyprotein 1ab,IC50,uM,13.9
COc1ccc(N2N=C(c3ccccc3)/C(=C/c3ccc(C(=O)O)cc3)C2=O)cc1,CHEMBL1276871,IC50,nM,12000.0,CHEMBL5118,SARS coronavirus,Replicase polyprotein 1ab,IC50,uM,12.0
N#Cc1ccc(N2N=C(c3ccccc3)/C(=C/c3ccc(C(=O)O)cc3)C2=O)cc1,CHEMBL1277046,IC50,nM,5500.0,CHEMBL5118,SARS coronavirus,Replicase polyprotein 1ab,IC50,uM,5.5
O=C(O)c1ccc(/C=C2\C(=O)N(c3ccc(OC(F)(F)F)cc3)N=C2c2ccccc2)cc1,CHEMBL1277047,IC50,nM,42000.0,CHEMBL5118,SARS coronavirus,Replicase polyprotein 1ab,IC50,uM,42.0
O=C(O)c1ccc(/C=C2\C(=O)N(c3cccc(Cl)c3)N=C2c2ccccc2)cc1,CHEMBL1277135,IC50,nM,10800.0,CHEMBL5118,SARS coronavirus,Replicase polyprotein 1ab,IC50,uM,10.8
O=C(O)c1ccc(/C=C2\C(=O)N(c3ccc(Cl)c(Cl)c3)N=C2c2ccccc2)cc1,CHEMBL1277136,IC50,nM,24300.0,CHEMBL5118,SARS coronavirus,Replicase polyprotein 1ab,IC50,uM,24.3
O=C(O)c1ccc(/C=C2\C(=O)N(c3ccc(F)cc3)N=C2c2ccccc2)cc1,CHEMBL1277227,IC50,nM,6800.0,CHEMBL5118,SARS coronavirus,Replicase polyprotein 1ab,IC50,uM,6.8
O=C(O)c1ccc(/C=C2\C(=O)N(c3cccc([N+](=O)[O-])c3)N=C2c2ccccc2)cc1,CHEMBL1277228,IC50,nM,8400.0,CHEMBL5118,SARS coronavirus,Replicase polyprotein 1ab,IC50,uM,8.4
CC(C)c1cc2c(cc1O)[C@@]1(C)CCC[C@@](C)(CO)[C@@H]1CC2,CHEMBL197310,IC50,nM,220800.0,CHEMBL5118,SARS coronavirus,Replicase polyprotein 1ab,IC50,uM,220.8
CC(C)c1cc2c(cc1O)[C@@]1(C)CC[C@H](O)C(C)(C)[C@@H]1CC2,CHEMBL1277661,IC50,nM,233400.0,CHEMBL5118,SARS coronavirus,Replicase polyprotein 1ab,IC50,uM,233.4
CC(C)c1cc2c(cc1O)[C@@]1(C)CCCC(C)(C)[C@@H]1CC2,CHEMBL197308,IC50,nM,49600.0,CHEMBL5118,SARS coronavirus,Replicase polyprotein 1ab,IC50,uM,49.6
CC(C)c1cc2c(cc1O)[C@@]1(C)CCC[C@@](C)(C=O)[C@@H]1CC2,CHEMBL1277662,IC50,nM,163200.0,CHEMBL5118,SARS coronavirus,Replicase polyprotein 1ab,IC50,uM,163.2
CC(=O)Oc1cc2c(cc1C(C)C)CC[C@@H]1[C@]2(C)CCC[C@@]1(C)CO,CHEMBL1277754,IC50,nM,128900.0,CHEMBL5118,SARS coronavirus,Replicase polyprotein 1ab,IC50,uM,128.9
COC(=O)[C@]1(C)CCC[C@]2(C)c3ccc(C(C)C)cc3CC[C@H]21,CHEMBL12798,IC50,nM,207000.0,CHEMBL5118,SARS coronavirus,Replicase polyprotein 1ab,IC50,uM,207.0
C=C[C@@]1(C)CC[C@H]2C(=CC[C@H]3[C@](C)(C(=O)O)CCC[C@]23C)C1,CHEMBL512164,IC50,nM,283500.0,CHEMBL5118,SARS coronavirus,Replicase polyprotein 1ab,IC50,uM,283.5
C=C1CC[C@H]2[C@](C)(CO)CCC[C@]2(C)[C@H]1CC/C(C)=C\CO,CHEMBL1277840,IC50,nM,137700.0,CHEMBL5118,SARS coronavirus,Replicase polyprotein 1ab,IC50,uM,137.7
O=c1cc(-c2ccc(O)c(-c3c(O)cc(O)c4c(=O)cc(-c5ccc(O)cc5)oc34)c2)oc2cc(O)cc(O)c12,CHEMBL63354,IC50,nM,8300.0,CHEMBL5118,SARS coronavirus,Replicase polyprotein 1ab,IC50,uM,8.3
COc1ccc(-c2cc(=O)c3c(O)cc(O)cc3o2)cc1-c1c(O)cc(O)c2c(=O)cc(-c3ccc(O)cc3)oc12,CHEMBL378188,IC50,nM,72300.0,CHEMBL5118,SARS coronavirus,Replicase polyprotein 1ab,IC50,uM,72.3
COc1cc(O)c2c(=O)cc(-c3ccc(OC)c(-c4c(O)cc(O)c5c(=O)cc(-c6ccc(O)cc6)oc45)c3)oc2c1,CHEMBL377324,IC50,nM,32000.0,CHEMBL5118,SARS coronavirus,Replicase polyprotein 1ab,IC50,uM,32.0
COc1ccc(-c2cc(=O)c3c(O)cc(O)c(-c4cc(-c5cc(=O)c6c(O)cc(OC)cc6o5)ccc4OC)c3o2)cc1,CHEMBL208908,IC50,nM,38400.0,CHEMBL5118,SARS coronavirus,Replicase polyprotein 1ab,IC50,uM,38.4
O=c1cc(-c2ccc(O)cc2)oc2cc(O)cc(O)c12,CHEMBL28,IC50,nM,280800.0,CHEMBL5118,SARS coronavirus,Replicase polyprotein 1ab,IC50,uM,280.8
O=c1cc(-c2ccc(O)c(O)c2)oc2cc(O)cc(O)c12,CHEMBL151,IC50,nM,20000.0,CHEMBL5118,SARS coronavirus,Replicase polyprotein 1ab,IC50,uM,20.0
O=c1c(O)c(-c2ccc(O)c(O)c2)oc2cc(O)cc(O)c12,CHEMBL50,IC50,nM,23800.0,CHEMBL5118,SARS coronavirus,Replicase polyprotein 1ab,IC50,uM,23.8
CC(C)C1=CC2=CC[C@H]3[C@](C)(C(=O)O)CCC[C@]3(C)[C@H]2CC1,CHEMBL71893,IC50,nM,189100.0,CHEMBL5118,SARS coronavirus,Replicase polyprotein 1ab,IC50,uM,189.1
Nc1nc(CSc2nnc(-c3cccc4ccccc34)n2-c2ccccc2)cs1,CHEMBL1774322,IC50,nM,58350.0,CHEMBL5118,SARS coronavirus,Replicase polyprotein 1ab,IC50,uM,58.35
COc1cc(C2C(C(=O)c3ccc(OCC(C)C)cc3C)=C(O)C(=O)N2CCN(C)C)ccc1O,CHEMBL1774323,IC50,nM,62790.0,CHEMBL5118,SARS coronavirus,Replicase polyprotein 1ab,IC50,uM,62.79
Cc1nc(C)c(C(=O)C2=C(O)C(=O)N(CCCN3CCOCC3)C2c2cccc([N+](=O)[O-])c2)s1,CHEMBL1774324,IC50,nM,101380.0,CHEMBL5118,SARS coronavirus,Replicase polyprotein 1ab,IC50,uM,101.38
COc1cc(/C=N/NC(=O)/C(=C\c2ccccc2)NC(=O)c2ccccc2)cc(OC)c1O,CHEMBL1774325,IC50,nM,77090.0,CHEMBL5118,SARS coronavirus,Replicase polyprotein 1ab,IC50,uM,77.09
O=C(CSc1ncnc2c1sc1nc(N3CCOCC3)c3c(c12)CCCC3)NCc1ccco1,CHEMBL1774326,IC50,nM,90720.0,CHEMBL5118,SARS coronavirus,Replicase polyprotein 1ab,IC50,uM,90.72
Cc1ccc(C(=O)N/C(=C\c2ccc(-c3cccc([N+](=O)[O-])c3)o2)C(=O)NCCCN(C)C)cc1,CHEMBL1350514,IC50,nM,38570.0,CHEMBL5118,SARS coronavirus,Replicase polyprotein 1ab,IC50,uM,38.57
Cc1ccc(C(=O)N/C(=C\c2ccc(-c3ccccc3[N+](=O)[O-])o2)C(=O)NCCCN(C)C)cc1,CHEMBL1315054,IC50,nM,41390.0,CHEMBL5118,SARS coronavirus,Replicase polyprotein 1ab,IC50,uM,41.39
CC(C)C[C@H](NC(=O)[C@@H](NC(=O)[C@H](C)NC(=O)[C@H](CO)NC(=O)[C@@H](NC(=O)OCc1ccccc1)[C@@H](C)O)C(C)C)C(=O)N[C@H](C#N)CCC(N)=O,CHEMBL2316336,IC50,nM,39000.0,CHEMBL5118,SARS coronavirus,Replicase polyprotein 1ab,IC50,uM,39.0
CC(C)C[C@H](NC(=O)[C@@H](NC(=O)[C@H](C)NC(=O)OCc1ccccc1)C(C)C)C(=O)N[C@H](C#N)CCC(N)=O,CHEMBL2316337,IC50,nM,4600.0,CHEMBL5118,SARS coronavirus,Replicase polyprotein 1ab,IC50,uM,4.6
CC(C)C[C@H](NC(=O)[C@@H](NC(=O)[C@H](C)NC(=O)OC(C)(C)C)C(C)C)C(=O)N[C@H](C#N)CCC(N)=O,CHEMBL2316338,IC50,nM,49000.0,CHEMBL5118,SARS coronavirus,Replicase polyprotein 1ab,IC50,uM,49.0
Cc1cc(C(=O)N[C@@H](C)C(=O)N[C@H](C(=O)N[C@@H](CC(C)C)C(=O)N[C@H](C#N)CCC(N)=O)C(C)C)no1,CHEMBL2316339,IC50,nM,49000.0,CHEMBL5118,SARS coronavirus,Replicase polyprotein 1ab,IC50,uM,49.0
Oc1cc(O)cc(O)c1,CHEMBL473159,IC50,nM,200000.0,CHEMBL5118,SARS coronavirus,Replicase polyprotein 1ab,IC50,uM,200.0
Oc1cc(O)c(Oc2cc(O)cc(O)c2Oc2cc(O)cc(O)c2-c2c(O)cc(O)cc2O)c(O)c1,CHEMBL459393,IC50,nM,177100.0,CHEMBL5118,SARS coronavirus,Replicase polyprotein 1ab,IC50,uM,177.1
Oc1cc(O)cc(Oc2c(O)cc(O)c3c2Oc2c(O)cc4oc5c(Oc6cc(O)cc(O)c6)c(O)cc(O)c5c4c2O3)c1,CHEMBL510508,IC50,nM,174600.0,CHEMBL5118,SARS coronavirus,Replicase polyprotein 1ab,IC50,uM,174.6
Oc1cc(O)cc(Oc2c(O)cc(Oc3c(O)cc(O)cc3O)cc2O)c1,CHEMBL2391422,IC50,nM,164700.0,CHEMBL5118,SARS coronavirus,Replicase polyprotein 1ab,IC50,uM,164.7
Oc1cc(O)c2oc3cc(O)c4oc5cc(O)cc(O)c5oc4c3oc2c1,CHEMBL559870,IC50,nM,158300.0,CHEMBL5118,SARS coronavirus,Replicase polyprotein 1ab,IC50,uM,158.3
Oc1cc(O)c2oc3cc(O)c4oc5cc(O)cc(O)c5oc4c3oc2c1,CHEMBL559870,IC50,nM,146500.0,CHEMBL5118,SARS coronavirus,Replicase polyprotein 1ab,IC50,uM,146.5
O=C1c2cccc(O)c2C(=O)c2c(O)cc(CO)cc21,CHEMBL40275,IC50,nM,132000.0,CHEMBL5118,SARS coronavirus,Replicase polyprotein 1ab,IC50,uM,132.0
Oc1cc(O)cc(Oc2c(Oc3c(O)cc(O)cc3O)cc(O)c3c2Oc2c(O)cc(O)cc2O3)c1,CHEMBL2391423,IC50,nM,112200.0,CHEMBL5118,SARS coronavirus,Replicase polyprotein 1ab,IC50,uM,112.2
Oc1cc(O)cc(Oc2c(O)cc(O)c3c2Oc2c(O)cc(Oc4c(O)cc(O)cc4O)cc2O3)c1,CHEMBL456228,IC50,nM,112000.0,CHEMBL5118,SARS coronavirus,Replicase polyprotein 1ab,IC50,uM,112.0
O=c1c(-c2ccc(O)cc2)coc2cc(O)ccc12,CHEMBL8145,IC50,nM,105000.0,CHEMBL5118,SARS coronavirus,Replicase polyprotein 1ab,IC50,uM,105.0
Oc1cc(O)cc(Oc2c(O)cc(O)c3c2Oc2c(O)cc(Oc4c(O)cc(Oc5c(O)cc(O)c6c5Oc5c(O)cc(O)cc5O6)cc4O)cc2O3)c1,CHEMBL508791,IC50,nM,68100.0,CHEMBL5118,SARS coronavirus,Replicase polyprotein 1ab,IC50,uM,68.1
COc1ccc([C@@H]2CC(=O)c3c(O)cc(O)cc3O2)cc1O,CHEMBL399121,IC50,nM,60000.0,CHEMBL5118,SARS coronavirus,Replicase polyprotein 1ab,IC50,uM,60.0
Oc1cc(O)cc(Oc2c(O)cc(O)c3c2Oc2c(O)cc(Oc4c(O)cc(O)cc4O)cc2O3)c1,CHEMBL456228,IC50,nM,42100.0,CHEMBL5118,SARS coronavirus,Replicase polyprotein 1ab,IC50,uM,42.1
Oc1cc(O)c(Oc2cc(O)cc(O)c2Oc2cc(O)cc(O)c2-c2c(O)cc(O)cc2O)c(O)c1,CHEMBL459393,IC50,nM,22500.0,CHEMBL5118,SARS coronavirus,Replicase polyprotein 1ab,IC50,uM,22.5
Oc1cc(O)cc(Oc2c(O)cc(O)c3c2Oc2c(O)cc4oc5c(Oc6cc(O)cc(O)c6)c(O)cc(O)c5c4c2O3)c1,CHEMBL510508,IC50,nM,16700.0,CHEMBL5118,SARS coronavirus,Replicase polyprotein 1ab,IC50,uM,16.7
Oc1cc(O)cc(Oc2c(Oc3c(O)cc(O)cc3O)cc(O)c3c2Oc2c(O)cc(O)cc2O3)c1,CHEMBL2391423,IC50,nM,13300.0,CHEMBL5118,SARS coronavirus,Replicase polyprotein 1ab,IC50,uM,13.3
Oc1cc(O)cc(Oc2c(O)cc(O)c3c2Oc2c(O)cc(O)cc2O3)c1,CHEMBL471187,IC50,nM,8800.0,CHEMBL5118,SARS coronavirus,Replicase polyprotein 1ab,IC50,uM,8.8
COc1ccc([C@@H]2CC(=O)c3c(O)cc(O)cc3O2)cc1O,CHEMBL399121,IC50,nM,8300.0,CHEMBL5118,SARS coronavirus,Replicase polyprotein 1ab,IC50,uM,8.3
Oc1cc(O)cc(Oc2c(O)cc(O)c3c2Oc2c(O)cc(Oc4c(O)cc(Oc5c(O)cc(O)c6c5Oc5c(O)cc(O)cc5O6)cc4O)cc2O3)c1,CHEMBL508791,IC50,nM,2700.0,CHEMBL5118,SARS coronavirus,Replicase polyprotein 1ab,IC50,uM,2.7
CC(C)C[C@H](NC(=O)[C@H](Cc1cccc2ccccc12)NC(=O)OCc1ccccc1)C(=O)N[C@@H](C[C@@H]1CCNC1=O)C(=O)C(=O)NC(C)C,CHEMBL2441745,IC50,nM,610.0,CHEMBL5118,SARS coronavirus,Replicase polyprotein 1ab,IC50,uM,0.61
CC(C)C[C@H](NC(=O)[C@H](Cc1cccc2ccccc12)NC(=O)OCc1ccccc1)C(=O)N[C@H](C=O)C[C@@H]1CCNC1=O,CHEMBL2441741,IC50,nM,230.0,CHEMBL5118,SARS coronavirus,Replicase polyprotein 1ab,IC50,uM,0.23
CN1C(=O)C(=O)c2cc(S(=O)(=O)N3CCN(CCc4ccccc4)CC3)ccc21,CHEMBL3099547,IC50,nM,13860.0,CHEMBL5118,SARS coronavirus,Replicase polyprotein 1ab,IC50,uM,13.86
CN1CCN(S(=O)(=O)c2ccc3c(c2)C(=O)C(=O)N3Cc2ccc3ccccc3c2)CC1,CHEMBL3099546,IC50,nM,82910.0,CHEMBL5118,SARS coronavirus,Replicase polyprotein 1ab,IC50,uM,82.91
CN1CCN(S(=O)(=O)c2ccc3c(c2)C(=O)C(=O)N3Cc2ccccc2)CC1,CHEMBL3099545,IC50,nM,67200.0,CHEMBL5118,SARS coronavirus,Replicase polyprotein 1ab,IC50,uM,67.2
CN1CCN(S(=O)(=O)c2ccc3c(c2)C(=O)C(=O)N3C)CC1,CHEMBL3099544,IC50,nM,11830.0,CHEMBL5118,SARS coronavirus,Replicase polyprotein 1ab,IC50,uM,11.83
CC1CC(C)CN(S(=O)(=O)c2ccc3c(c2)C(=O)C(=O)N3)C1,CHEMBL3099543,IC50,nM,4300.0,CHEMBL5118,SARS coronavirus,Replicase polyprotein 1ab,IC50,uM,4.3
CC1CCCCN1S(=O)(=O)c1ccc2c(c1)C(=O)C(=O)N2,CHEMBL3099542,IC50,nM,2250.0,CHEMBL5118,SARS coronavirus,Replicase polyprotein 1ab,IC50,uM,2.25
CC1CCN(S(=O)(=O)c2ccc3c(c2)C(=O)C(=O)N3)CC1,CHEMBL3099541,IC50,nM,1180.0,CHEMBL5118,SARS coronavirus,Replicase polyprotein 1ab,IC50,uM,1.18
O=C1Nc2ccc(S(=O)(=O)N3CCOCC3)cc2C1=O,CHEMBL484273,IC50,nM,12660.0,CHEMBL5118,SARS coronavirus,Replicase polyprotein 1ab,IC50,uM,12.66
O=C1Nc2ccc(S(=O)(=O)N3CCCCC3)cc2C1=O,CHEMBL61320,IC50,nM,4450.0,CHEMBL5118,SARS coronavirus,Replicase polyprotein 1ab,IC50,uM,4.45
O=C1Nc2ccc(S(=O)(=O)N3CCN(c4ccccn4)CC3)cc2C1=O,CHEMBL3099540,IC50,nM,51330.0,CHEMBL5118,SARS coronavirus,Replicase polyprotein 1ab,IC50,uM,51.33
O=C1Nc2ccc(S(=O)(=O)N3CCN(C(=O)c4ccco4)CC3)cc2C1=O,CHEMBL3099539,IC50,nM,10070.0,CHEMBL5118,SARS coronavirus,Replicase polyprotein 1ab,IC50,uM,10.07
O=C1Nc2ccc(S(=O)(=O)N3CCN(CCc4ccccc4)CC3)cc2C1=O,CHEMBL3099538,IC50,nM,34910.0,CHEMBL5118,SARS coronavirus,Replicase polyprotein 1ab,IC50,uM,34.91
COc1cc(CN2CCN(S(=O)(=O)c3ccc4c(c3)C(=O)C(=O)N4)CC2)cc(OC)c1OC,CHEMBL3099537,IC50,nM,32080.0,CHEMBL5118,SARS coronavirus,Replicase polyprotein 1ab,IC50,uM,32.08
O=C1Nc2ccc(S(=O)(=O)N3CCN(Cc4cccc(Cl)c4)CC3)cc2C1=O,CHEMBL3099536,IC50,nM,31710.0,CHEMBL5118,SARS coronavirus,Replicase polyprotein 1ab,IC50,uM,31.71
O=C1Nc2ccc(S(=O)(=O)N3CCN(c4cccc(C(F)(F)F)c4)CC3)cc2C1=O,CHEMBL3099535,IC50,nM,100000.0,CHEMBL5118,SARS coronavirus,Replicase polyprotein 1ab,IC50,uM,100.0
O=C1Nc2ccc(S(=O)(=O)N3CCN(c4ccc(F)cc4)CC3)cc2C1=O,CHEMBL3099534,IC50,nM,100000.0,CHEMBL5118,SARS coronavirus,Replicase polyprotein 1ab,IC50,uM,100.0
CN1CCN(S(=O)(=O)c2ccc3c(c2)C(=O)C(=O)N3)CC1,CHEMBL3099533,IC50,nM,76740.0,CHEMBL5118,SARS coronavirus,Replicase polyprotein 1ab,IC50,uM,76.74
CC1CC(C)CN(S(=O)(=O)c2ccc3c(c2)C(=O)C(=O)N3Cc2ccccc2)C1,CHEMBL3099530,IC50,nM,4700.0,CHEMBL5118,SARS coronavirus,Replicase polyprotein 1ab,IC50,uM,4.7
CC1CC(C)CN(S(=O)(=O)c2ccc3c(c2)C(=O)C(=O)N3C)C1,CHEMBL3099529,IC50,nM,2820.0,CHEMBL5118,SARS coronavirus,Replicase polyprotein 1ab,IC50,uM,2.82
CC1CCN(S(=O)(=O)c2ccc3c(c2)C(=O)C(=O)N3Cc2ccc3ccccc3c2)CC1,CHEMBL3099528,IC50,nM,17820.0,CHEMBL5118,SARS coronavirus,Replicase polyprotein 1ab,IC50,uM,17.82
CC1CCN(S(=O)(=O)c2ccc3c(c2)C(=O)C(=O)N3Cc2ccccc2)CC1,CHEMBL3099527,IC50,nM,1690.0,CHEMBL5118,SARS coronavirus,Replicase polyprotein 1ab,IC50,uM,1.69
CC1CCN(S(=O)(=O)c2ccc3c(c2)C(=O)C(=O)N3C)CC1,CHEMBL3099526,IC50,nM,1040.0,CHEMBL5118,SARS coronavirus,Replicase polyprotein 1ab,IC50,uM,1.04
O=C1C(=O)N(Cc2ccc3ccccc3c2)c2ccc(S(=O)(=O)N3CCOCC3)cc21,CHEMBL3099525,IC50,nM,39870.0,CHEMBL5118,SARS coronavirus,Replicase polyprotein 1ab,IC50,uM,39.87
O=C1C(=O)N(Cc2ccccc2)c2ccc(S(=O)(=O)N3CCOCC3)cc21,CHEMBL3099524,IC50,nM,13860.0,CHEMBL5118,SARS coronavirus,Replicase polyprotein 1ab,IC50,uM,13.86
CN1C(=O)C(=O)c2cc(S(=O)(=O)N3CCOCC3)ccc21,CHEMBL3099523,IC50,nM,9910.0,CHEMBL5118,SARS coronavirus,Replicase polyprotein 1ab,IC50,uM,9.91
O=C1C(=O)N(Cc2ccccc2)c2ccc(S(=O)(=O)N3CCCCC3)cc21,CHEMBL3099522,IC50,nM,14000.0,CHEMBL5118,SARS coronavirus,Replicase polyprotein 1ab,IC50,uM,14.0
CN1C(=O)C(=O)c2cc(S(=O)(=O)N3CCN(c4ccccn4)CC3)ccc21,CHEMBL3099521,IC50,nM,5520.0,CHEMBL5118,SARS coronavirus,Replicase polyprotein 1ab,IC50,uM,5.52
CCCCC(CC)CNC(=N)NC(=N)NCCCCCCNC(=N)NC(=N)NCC(CC)CCCC.Cl.Cl,CHEMBL554041,IC50,nM,25100.0,CHEMBL5118,SARS coronavirus,Replicase polyprotein 1ab,IC50,uM,25.1
CN(CC(=O)NC1CCCC1)S(=O)(=O)c1cccc(Cl)c1,CHEMBL1876821,IC50,nM,200000.0,CHEMBL5118,SARS coronavirus,Replicase polyprotein 1ab,IC50,uM,200.0
Nc1ccc(F)c(S(=O)(=O)Nc2cccc(C(F)(F)F)c2)c1,CHEMBL3105072,IC50,nM,200000.0,CHEMBL5118,SARS coronavirus,Replicase polyprotein 1ab,IC50,uM,200.0
COc1ccccc1CNC(=O)[C@H](C)NS(=O)(=O)c1ccccc1,CHEMBL3105071,IC50,nM,200000.0,CHEMBL5118,SARS coronavirus,Replicase polyprotein 1ab,IC50,uM,200.0
CCOc1ccc(S(=O)(=O)NCc2ccc3c(c2)OCO3)cc1C,CHEMBL1392147,IC50,nM,200000.0,CHEMBL5118,SARS coronavirus,Replicase polyprotein 1ab,IC50,uM,200.0
OCCCc1nc2ccccc2n1CCOc1ccccc1,CHEMBL1732790,IC50,nM,200000.0,CHEMBL5118,SARS coronavirus,Replicase polyprotein 1ab,IC50,uM,200.0
COCCOCCn1c(CCCO)nc2ccccc21,CHEMBL1488602,IC50,nM,186000.0,CHEMBL5118,SARS coronavirus,Replicase polyprotein 1ab,IC50,uM,186.0
CCOc1ccc(S(=O)(=O)NCc2ccc3c(c2)OCO3)cc1C,CHEMBL1392147,IC50,nM,76700.0,CHEMBL5118,SARS coronavirus,Replicase polyprotein 1ab,IC50,uM,76.7
OCCCc1nc2ccccc2n1CCOc1ccccc1,CHEMBL1732790,IC50,nM,74500.0,CHEMBL5118,SARS coronavirus,Replicase polyprotein 1ab,IC50,uM,74.5
COc1ccc(N(CC(=O)NCc2ccco2)S(C)(=O)=O)cc1,CHEMBL1478361,IC50,nM,61900.0,CHEMBL5118,SARS coronavirus,Replicase polyprotein 1ab,IC50,uM,61.9
COc1ccc(C(=O)Cn2c(NCCO)nc3ccccc32)cc1,CHEMBL1906723,IC50,nM,40900.0,CHEMBL5118,SARS coronavirus,Replicase polyprotein 1ab,IC50,uM,40.9
Cn1cnc2cc(NC(=O)c3ccc(Cl)cc3)ccc21,CHEMBL1487869,IC50,nM,30900.0,CHEMBL5118,SARS coronavirus,Replicase polyprotein 1ab,IC50,uM,30.9
COc1ccccc1CNC(=O)[C@H](C)NS(=O)(=O)c1ccccc1,CHEMBL3105071,IC50,nM,29900.0,CHEMBL5118,SARS coronavirus,Replicase polyprotein 1ab,IC50,uM,29.9
C(=C/c1ccccc1)\C[N+]1(C/C=C/c2ccccc2)CCN(C(c2ccccc2)c2ccccc2)CC1,CHEMBL3105075,IC50,nM,29800.0,CHEMBL5118,SARS coronavirus,Replicase polyprotein 1ab,IC50,uM,29.8
Nc1ccc(F)c(S(=O)(=O)Nc2cccc(C(F)(F)F)c2)c1,CHEMBL3105072,IC50,nM,29800.0,CHEMBL5118,SARS coronavirus,Replicase polyprotein 1ab,IC50,uM,29.8
COc1ccc(C(=O)Cn2c(NCCO)nc3ccccc32)cc1,CHEMBL1906723,IC50,nM,28800.0,CHEMBL5118,SARS coronavirus,Replicase polyprotein 1ab,IC50,uM,28.8
C(=C/c1ccccc1)\C[N+]1(C/C=C/c2ccccc2)CCN(C(c2ccccc2)c2ccccc2)CC1,CHEMBL3105075,IC50,nM,28300.0,CHEMBL5118,SARS coronavirus,Replicase polyprotein 1ab,IC50,uM,28.3
Cn1cnc2cc(NC(=O)c3ccc(Cl)cc3)ccc21,CHEMBL1487869,IC50,nM,27600.0,CHEMBL5118,SARS coronavirus,Replicase polyprotein 1ab,IC50,uM,27.6
COCCOCCn1c(CCCO)nc2ccccc21,CHEMBL1488602,IC50,nM,25600.0,CHEMBL5118,SARS coronavirus,Replicase polyprotein 1ab,IC50,uM,25.6
O=C(c1cncc(Br)c1)N1CCN(Cc2ccsc2)CC1,CHEMBL3105074,IC50,nM,24500.0,CHEMBL5118,SARS coronavirus,Replicase polyprotein 1ab,IC50,uM,24.5
CCCCC(CC)CNC(=N)NC(=N)NCCCCCCNC(=N)NC(=N)NCC(CC)CCCC.Cl.Cl,CHEMBL554041,IC50,nM,24500.0,CHEMBL5118,SARS coronavirus,Replicase polyprotein 1ab,IC50,uM,24.5
Nc1ncnc2[nH]c(C(F)(F)F)nc12,CHEMBL3105076,IC50,nM,20400.0,CHEMBL5118,SARS coronavirus,Replicase polyprotein 1ab,IC50,uM,20.4
Cn1cnc2cc(NC(=O)c3ccc(Cl)cc3)ccc21,CHEMBL1487869,IC50,nM,18200.0,CHEMBL5118,SARS coronavirus,Replicase polyprotein 1ab,IC50,uM,18.2
CCCCC(CC)CNC(=N)NC(=N)NCCCCCCNC(=N)NC(=N)NCC(CC)CCCC.Cl.Cl,CHEMBL554041,IC50,nM,17800.0,CHEMBL5118,SARS coronavirus,Replicase polyprotein 1ab,IC50,uM,17.8
COc1ccc(N(CC(=O)NCc2ccco2)S(C)(=O)=O)cc1,CHEMBL1478361,IC50,nM,16100.0,CHEMBL5118,SARS coronavirus,Replicase polyprotein 1ab,IC50,uM,16.1
Nc1ncnc2[nH]c(C(F)(F)F)nc12,CHEMBL3105076,IC50,nM,13900.0,CHEMBL5118,SARS coronavirus,Replicase polyprotein 1ab,IC50,uM,13.9
O=C(c1cncc(Br)c1)N1CCN(Cc2ccsc2)CC1,CHEMBL3105074,IC50,nM,10800.0,CHEMBL5118,SARS coronavirus,Replicase polyprotein 1ab,IC50,uM,10.8
S=C(NCc1cccnc1)SCc1cc(Cl)sc1Cl,CHEMBL3105073,IC50,nM,9200.0,CHEMBL5118,SARS coronavirus,Replicase polyprotein 1ab,IC50,uM,9.2
Nc1ncnc2[nH]c(C(F)(F)F)nc12,CHEMBL3105076,IC50,nM,2200.0,CHEMBL5118,SARS coronavirus,Replicase polyprotein 1ab,IC50,uM,2.2
CN(CC(=O)NC1CCCC1)S(=O)(=O)c1cccc(Cl)c1,CHEMBL1876821,IC50,nM,940.0,CHEMBL5118,SARS coronavirus,Replicase polyprotein 1ab,IC50,uM,0.94
S=C(NCc1cccnc1)SCc1cc(Cl)sc1Cl,CHEMBL3105073,IC50,nM,160.0,CHEMBL5118,SARS coronavirus,Replicase polyprotein 1ab,IC50,uM,0.16
CC1=NN(c2cccc(C(=O)O)c2)C(=O)/C1=C\c1ccc(-c2cc(Cl)ccc2C(=O)O)o1,CHEMBL3810366,IC50,nM,50000.0,CHEMBL5118,SARS coronavirus,Replicase polyprotein 1ab,IC50,uM,50.0
O=C(O)c1cccc(N2N=C(C(F)(F)F)/C(=C/c3ccc(-c4cc(Cl)ccc4C(=O)O)o3)C2=O)c1,CHEMBL3810109,IC50,nM,50000.0,CHEMBL5118,SARS coronavirus,Replicase polyprotein 1ab,IC50,uM,50.0
O=C(O)c1cccc(N2N=C(C(F)(F)F)/C(=C\c3ccc(-c4ccccc4C(=O)O)o3)C2=O)c1,CHEMBL3808558,IC50,nM,50000.0,CHEMBL5118,SARS coronavirus,Replicase polyprotein 1ab,IC50,uM,50.0
O=C(O)c1cccc(N2N=C(c3ccccc3)/C(=C/c3ccc(-c4cc(Cl)ccc4C(=O)O)o3)C2=O)c1,CHEMBL3808795,IC50,nM,44700.0,CHEMBL5118,SARS coronavirus,Replicase polyprotein 1ab,IC50,uM,44.7
CC1=NN(c2ccccc2)C(=O)/C1=C\c1ccc(-c2cc(Cl)ccc2C(=O)O)o1,CHEMBL3810010,IC50,nM,50000.0,CHEMBL5118,SARS coronavirus,Replicase polyprotein 1ab,IC50,uM,50.0
O=C(O)c1ccc(Cl)cc1-c1ccc(/C=C2\C(=O)N(c3ccccc3)N=C2c2ccccc2)o1,CHEMBL3810328,IC50,nM,16400.0,CHEMBL5118,SARS coronavirus,Replicase polyprotein 1ab,IC50,uM,16.4
O=C(O)c1ccc(Cl)cc1-c1ccc(/C=C2\C(=O)N(c3ccc(F)cc3)N=C2c2ccccc2)o1,CHEMBL3808658,IC50,nM,20200.0,CHEMBL5118,SARS coronavirus,Replicase polyprotein 1ab,IC50,uM,20.2
CC(C)c1ccc(N2N=C(c3ccccc3)/C(=C/c3ccc(-c4cc(Cl)ccc4C(=O)O)o3)C2=O)cc1,CHEMBL3809329,IC50,nM,6000.0,CHEMBL5118,SARS coronavirus,Replicase polyprotein 1ab,IC50,uM,6.0
CC(C)(C)c1ccc(N2N=C(c3ccccc3)/C(=C/c3ccc(-c4cc(Cl)ccc4C(=O)O)o3)C2=O)cc1,CHEMBL3808427,IC50,nM,5800.0,CHEMBL5118,SARS coronavirus,Replicase polyprotein 1ab,IC50,uM,5.8
O=C1/C(=C\c2ccc(-c3ccccc3)o2)C(c2ccccc2)=NN1c1ccccc1,CHEMBL3810058,IC50,nM,50000.0,CHEMBL5118,SARS coronavirus,Replicase polyprotein 1ab,IC50,uM,50.0
O=C(O)c1cccc(N2N=C(c3ccccc3)/C(=C/c3ccc(-c4ccccc4)o3)C2=O)c1,CHEMBL3809861,IC50,nM,6400.0,CHEMBL5118,SARS coronavirus,Replicase polyprotein 1ab,IC50,uM,6.4
CC1=NN(c2cccc(C(=O)O)c2)C(=O)/C1=C\c1ccc(-c2ccccc2)o1,CHEMBL3809159,IC50,nM,50000.0,CHEMBL5118,SARS coronavirus,Replicase polyprotein 1ab,IC50,uM,50.0
O=C(O)c1ccccc1-c1ccc(/C=C2\C(=O)N(c3ccccc3)N=C2c2ccccc2)o1,CHEMBL3810361,IC50,nM,41200.0,CHEMBL5118,SARS coronavirus,Replicase polyprotein 1ab,IC50,uM,41.2
O=C(O)c1ccccc1-c1ccc(/C=C2\C(=O)N(c3ccc(F)cc3)N=C2c2ccccc2)o1,CHEMBL3810325,IC50,nM,37500.0,CHEMBL5118,SARS coronavirus,Replicase polyprotein 1ab,IC50,uM,37.5
CC(C)c1ccc(N2N=C(c3ccccc3)/C(=C/c3ccc(-c4ccccc4C(=O)O)o3)C2=O)cc1,CHEMBL3809506,IC50,nM,11700.0,CHEMBL5118,SARS coronavirus,Replicase polyprotein 1ab,IC50,uM,11.7
CC(C)(C)c1ccc(N2N=C(c3ccccc3)/C(=C/c3ccc(-c4ccccc4C(=O)O)o3)C2=O)cc1,CHEMBL3809579,IC50,nM,8600.0,CHEMBL5118,SARS coronavirus,Replicase polyprotein 1ab,IC50,uM,8.6
N#Cc1ccc(N2N=C(c3ccccc3)/C(=C/c3ccc(-c4ccccc4C(=O)O)o3)C2=O)cc1,CHEMBL3809498,IC50,nM,18700.0,CHEMBL5118,SARS coronavirus,Replicase polyprotein 1ab,IC50,uM,18.7
COc1ccc(N2N=C(c3ccccc3)/C(=C/c3ccc(-c4ccccc4C(=O)O)o3)C2=O)cc1,CHEMBL3809059,IC50,nM,30700.0,CHEMBL5118,SARS coronavirus,Replicase polyprotein 1ab,IC50,uM,30.7
O=C(O)c1cccc(N2N=C(c3ccccc3)/C(=C/c3ccco3)C2=O)c1,CHEMBL3809833,IC50,nM,50000.0,CHEMBL5118,SARS coronavirus,Replicase polyprotein 1ab,IC50,uM,50.0
O=C(O)c1cccc(N2N=C(c3ccccc3)/C(=C/c3ccc(-c4ccccc4)cc3)C2=O)c1,CHEMBL3809053,IC50,nM,6700.0,CHEMBL5118,SARS coronavirus,Replicase polyprotein 1ab,IC50,uM,6.7
O=C(O)c1cccc(N2N=C(c3ccccc3)/C(=C/c3ccc(OCc4ccccc4)cc3)C2=O)c1,CHEMBL3809926,IC50,nM,15700.0,CHEMBL5118,SARS coronavirus,Replicase polyprotein 1ab,IC50,uM,15.7
CC(=O)N[C@@H](CCC(=O)O)C(=O)N[C@@H](CO)C(=O)N[C@H](C(=O)N[C@@H](CC(C)C)C(=O)N[C@@H](CCC(N)=O)C(=O)O)[C@@H](C)O,CHEMBL3818593,IC50,nM,7500.0,CHEMBL5118,SARS coronavirus,Replicase polyprotein 1ab,IC50,uM,7.5
CC(=O)N[C@@H](CC(=O)O)C(=O)N[C@@H](CO)C(=O)N[C@H](C(=O)N[C@@H](CC(C)C)C(=O)N[C@@H](CCC(N)=O)C(=O)O)[C@@H](C)O,CHEMBL3818400,IC50,nM,10000.0,CHEMBL5118,SARS coronavirus,Replicase polyprotein 1ab,IC50,uM,10.0
CC(=O)N[C@@H](Cc1cnc[nH]1)C(=O)N[C@@H](CO)C(=O)N[C@H](C(=O)N[C@@H](CC(C)C)C(=O)N[C@@H](CCC(N)=O)C(=O)O)[C@@H](C)O,CHEMBL3818761,IC50,nM,50000.0,CHEMBL5118,SARS coronavirus,Replicase polyprotein 1ab,IC50,uM,50.0
CC(=O)N[C@@H](CC(N)=O)C(=O)N[C@@H](CO)C(=O)N[C@H](C(=O)N[C@@H](CO)C(=O)N[C@@H](CCC(N)=O)C(=O)O)[C@@H](C)O,CHEMBL3818000,IC50,nM,7500.0,CHEMBL5118,SARS coronavirus,Replicase polyprotein 1ab,IC50,uM,7.5
CC(=O)N[C@@H](CC(N)=O)C(=O)N[C@@H](CO)C(=O)N[C@H](C(=O)N[C@@H](CC(=O)O)C(=O)N[C@@H](CCC(N)=O)C(=O)O)[C@@H](C)O,CHEMBL3818028,IC50,nM,20000.0,CHEMBL5118,SARS coronavirus,Replicase polyprotein 1ab,IC50,uM,20.0
CC(C)C[C@H](NC(=O)OC1CCN(C(=O)OC(C)(C)C)CC1)C(=O)N[C@H](C=O)C[C@@H]1CCNC1=O,CHEMBL4214066,IC50,nM,2100.0,CHEMBL5118,SARS coronavirus,Replicase polyprotein 1ab,IC50,uM,2.1
CC(C)C[C@H](NC(=O)OC1CCN(C(=O)OC(C)(C)C)CC1)C(=O)N[C@@H](C[C@@H]1CCNC1=O)C(O)S(=O)(=O)[O-].[Na+],CHEMBL4208240,IC50,nM,5100.0,CHEMBL5118,SARS coronavirus,Replicase polyprotein 1ab,IC50,uM,5.1
CC(C)C[C@H](NC(=O)OC1CCN(S(C)(=O)=O)CC1)C(=O)N[C@H](C=O)C[C@@H]1CCNC1=O,CHEMBL4209146,IC50,nM,28800.0,CHEMBL5118,SARS coronavirus,Replicase polyprotein 1ab,IC50,uM,28.8
CC(C)C[C@H](NC(=O)OC1CCN(S(C)(=O)=O)CC1)C(=O)N[C@@H](C[C@@H]1CCNC1=O)C(O)S(=O)(=O)[O-].[Na+],CHEMBL4213159,IC50,nM,42100.0,CHEMBL5118,SARS coronavirus,Replicase polyprotein 1ab,IC50,uM,42.1
CC(C)C[C@H](NC(=O)OC1(Cc2ccccc2)CCN(C(=O)OC(C)(C)C)CC1)C(=O)N[C@H](C=O)C[C@@H]1CCNC1=O,CHEMBL4202812,IC50,nM,5200.0,CHEMBL5118,SARS coronavirus,Replicase polyprotein 1ab,IC50,uM,5.2
CC(C)C[C@H](NC(=O)OC1(Cc2ccccc2)CCN(C(=O)OC(C)(C)C)CC1)C(=O)N[C@@H](C[C@@H]1CCNC1=O)C(O)S(=O)(=O)[O-].[Na+],CHEMBL4203883,IC50,nM,6300.0,CHEMBL5118,SARS coronavirus,Replicase polyprotein 1ab,IC50,uM,6.3
CC(C)C[C@H](NC(=O)OC1(Cc2ccccc2)CCN(S(C)(=O)=O)CC1)C(=O)N[C@H](C=O)C[C@@H]1CCNC1=O,CHEMBL4214471,IC50,nM,3900.0,CHEMBL5118,SARS coronavirus,Replicase polyprotein 1ab,IC50,uM,3.9
CC(C)C[C@H](NC(=O)OC1(Cc2ccccc2)CCN(S(C)(=O)=O)CC1)C(=O)N[C@@H](C[C@@H]1CCNC1=O)C(O)S(=O)(=O)[O-].[Na+],CHEMBL4208764,IC50,nM,4300.0,CHEMBL5118,SARS coronavirus,Replicase polyprotein 1ab,IC50,uM,4.3
CCC1(OC(=O)N[C@@H](CC(C)C)C(=O)N[C@H](C=O)C[C@@H]2CCNC2=O)CCN(C(=O)OC(C)(C)C)CC1,CHEMBL4212620,IC50,nM,5500.0,CHEMBL5118,SARS coronavirus,Replicase polyprotein 1ab,IC50,uM,5.5
CCC1(OC(=O)N[C@@H](CC(C)C)C(=O)N[C@@H](C[C@@H]2CCNC2=O)C(O)S(=O)(=O)[O-])CCN(C(=O)OC(C)(C)C)CC1.[Na+],CHEMBL4216101,IC50,nM,4100.0,CHEMBL5118,SARS coronavirus,Replicase polyprotein 1ab,IC50,uM,4.1
CCOC(=O)N1CCC(OC(=O)N[C@@H](CC(C)C)C(=O)N[C@H](C=O)C[C@@H]2CCNC2=O)CC1,CHEMBL4217568,IC50,nM,3200.0,CHEMBL5118,SARS coronavirus,Replicase polyprotein 1ab,IC50,uM,3.2
CCOC(=O)N1CCC(OC(=O)N[C@@H](CC(C)C)C(=O)N[C@@H](C[C@@H]2CCNC2=O)C(O)S(=O)(=O)[O-])CC1.[Na+],CHEMBL4204431,IC50,nM,8800.0,CHEMBL5118,SARS coronavirus,Replicase polyprotein 1ab,IC50,uM,8.8
